Filename,Year,Month,Date,Description,Type of Notice,Nr. of Repos Affected,Mass Removal,Frequent
2015-01-08-CareerCup.md,2015,01,08,CareerCup.md,Takedown,1,,
2015-01-08-HingX.md,2015,01,08,HingX.md,Takedown,1,,
2015-01-08-Magento.md,2015,01,08,Magento.md,Takedown,1,,
2015-01-08-NGUI.md,2015,01,08,NGUI.md,Takedown,1,,
2015-01-08-SEBRAE.md,2015,01,08,SEBRAE.md,Takedown,1,,
2015-01-08-TradeRev.md,2015,01,08,TradeRev.md,Takedown,1,,
2015-01-11-HingX.md,2015,01,11,HingX.md,Takedown,1,,
2015-01-13-Beardev.md,2015,01,13,Beardev.md,Takedown,2,,
2015-01-13-Widget-Candy.md,2015,01,13,Widget-Candy.md,Takedown,1,,
2015-01-14-BearDev-retraction.md,2015,01,14,BearDev-retraction.md,Retraction,1,,
2015-01-14-Evandeee.md,2015,01,14,Evandeee.md,Takedown,1,,
2015-01-14-HingX.md,2015,01,14,HingX.md,Takedown,1,,
2015-01-20-Uniblue.md,2015,01,20,Uniblue.md,Takedown,1,,
2015-01-20-VCMod.md,2015,01,20,VCMod.md,Takedown,1,,
2015-01-22-Apple.md,2015,01,22,Apple.md,Takedown,1,,
2015-01-23-Pluralsight.md,2015,01,23,Pluralsight.md,Takedown,1,,
2015-01-23-ServiceNow.md,2015,01,23,ServiceNow.md,Takedown,1,,
2015-01-27-Codility-1.md,2015,01,27,Codility-1.md,Takedown,2,,2
2015-01-27-Codility.md,2015,01,27,Codility.md,Takedown,1,,1
2015-01-27-Lost-Polygon.md,2015,01,27,Lost-Polygon.md,Takedown,1,,
2015-01-27-Tapatalk.md,2015,01,27,Tapatalk.md,Takedown,1,,
2015-01-28-Collins-Harper.md,2015,01,28,Collins-Harper.md,Takedown,1,,
2015-02-02-Cambridge-Mobile.md,2015,02,02,Cambridge-Mobile.md,Takedown,14,,14
2015-02-02-DCSoft.md,2015,02,02,DCSoft.md,Takedown,6,,
2015-02-02-havee-me.md,2015,02,02,havee-me.md,Takedown,1,,
2015-02-05-CS-233.md,2015,02,05,CS-233.md,Takedown,4,,
2015-02-05-DCSoft.md,2015,02,05,DCSoft.md,Takedown,3,,
2015-02-05-GE.md,2015,02,05,GE.md,Takedown,7,,
2015-02-06-Cambridge-Mobile.md,2015,02,06,Cambridge-Mobile.md,Takedown,3,,3
2015-02-06-extrautilities.md,2015,02,06,extrautilities.md,Takedown,1,,
2015-02-06-NexusGames.md,2015,02,06,NexusGames.md,Takedown,1,,
2015-02-10-IllinoisCS.md,2015,02,10,IllinoisCS.md,Takedown,27,,
2015-02-13-EllisLab.md,2015,02,13,EllisLab.md,Takedown,1,,
2015-02-14-IllinoisCS-retractions.md,2015,02,14,IllinoisCS-retractions.md,Retraction,33,,
2015-02-15-Intermedia.md,2015,02,15,Intermedia.md,Takedown,1,,
2015-02-18-CS225-retractions.md,2015,02,18,CS225-retractions.md,Retraction,23,,
2015-02-19-Cambridge-Mobile.md,2015,02,19,Cambridge-Mobile.md,Takedown,71,,71
2015-02-19-TotalfreedonLLC.md,2015,02,19,TotalfreedonLLC.md,Takedown,1,,
2015-02-21-Unirgy.md,2015,02,21,Unirgy.md,Takedown,3,,
2015-02-27-Unirgy.md,2015,02,27,Unirgy.md,Takedown,4,,
2015-03-02-American-Family-Insurance-2.md,2015,03,02,American-Family-Insurance-2.md,Takedown,1,,
2015-03-02-American-Family-Insurance.md,2015,03,02,American-Family-Insurance.md,Takedown,1,,
2015-03-02-Coding-The-Matrix.md,2015,03,02,Coding-The-Matrix.md,Takedown,1,,
2015-03-02-prime31.md,2015,03,02,prime31.md,Takedown,1,,
2015-03-03-WGU.md,2015,03,03,WGU.md,Takedown,1,,
2015-03-03-whyisjake.md,2015,03,03,whyisjake.md,Takedown,1,,
2015-03-04-ArtVenue.md,2015,03,04,ArtVenue.md,Takedown,1,,
2015-03-04-Webzen.md,2015,03,04,Webzen.md,Takedown,1,,
2015-03-07-Cambridge-Mobile.md,2015,03,07,Cambridge-Mobile.md,Takedown,21,,21
2015-03-07-Manatee-Works.md,2015,03,07,Manatee-Works.md,Takedown,1,,
2015-03-07-StarNet.md,2015,03,07,StarNet.md,Takedown,1,,
2015-03-08-activeCollab.md,2015,03,08,activeCollab.md,Takedown,2,,
2015-03-08-KDevLab.md,2015,03,08,KDevLab.md,Takedown,3,,
2015-03-08-Naxos-Music-Library.md,2015,03,08,Naxos-Music-Library.md,Takedown,4,,
2015-03-08-Sulake.md,2015,03,08,Sulake.md,Takedown,5,,
2015-03-08-TotalFreedomMod-retraction.md,2015,03,08,TotalFreedomMod-retraction.md,Counter Notice,1,,
2015-03-09-CSE131.md,2015,03,09,CSE131.md,Takedown,18,,
2015-03-09-VFVexCore.md,2015,03,09,VFVexCore.md,Takedown,1,,
2015-03-12-VisualComposer.md,2015,03,12,VisualComposer.md,Takedown,221,221,
2015-03-13-TCLCommunication.md,2015,03,13,TCLCommunication.md,Takedown,1,,
2015-03-17-Microsoft.md,2015,03,17,Microsoft.md,Takedown,1,,1
2015-03-17-WindowsNT.md,2015,03,17,WindowsNT.md,Takedown,1,,1
2015-03-19-BohemiaInteractive.md,2015,03,19,BohemiaInteractive.md,Takedown,1,,
2015-03-19-UCSD.md,2015,03,19,UCSD.md,Takedown,8,,8
2015-03-20-CambridgeMobile.md,2015,03,20,CambridgeMobile.md,Takedown,25,,25
2015-03-20-ciscoconfparse.md,2015,03,20,ciscoconfparse.md,Takedown,1,,
2015-03-20-cocheamigos.md,2015,03,20,cocheamigos.md,Takedown,2,,
2015-03-20-IdealPad.md,2015,03,20,IdealPad.md,Takedown,1,,
2015-03-20-kcrdb.md,2015,03,20,kcrdb.md,Takedown,1,,
2015-03-20-LGBluetooth.md,2015,03,20,LGBluetooth.md,Takedown,1,,
2015-03-20-musketeersme.md,2015,03,20,musketeersme.md,Takedown,1,,
2015-03-20-placespeak.md,2015,03,20,placespeak.md,Takedown,1,,
2015-03-20-socialkit.md,2015,03,20,socialkit.md,Takedown,1,,
2015-03-20-Sulake.md,2015,03,20,Sulake.md,Takedown,11,,
2015-03-22-sandbargames.md,2015,03,22,sandbargames.md,Takedown,1,,
2015-03-24-Beardev.md,2015,03,24,Beardev.md,Takedown,1,,
2015-03-24-closefriends.md,2015,03,24,closefriends.md,Takedown,1,,
2015-03-24-Quiteworks.md,2015,03,24,Quiteworks.md,Takedown,1,,
2015-03-25-beatsme.md,2015,03,25,beatsme.md,Takedown,1,,
2015-03-25-DynamicWater.md,2015,03,25,DynamicWater.md,Takedown,1,,
2015-03-25-Sulake-Counternotice.md,2015,03,25,Sulake-Counternotice.md,Counter Notice,1,,
2015-03-25-UCSD.md,2015,03,25,UCSD.md,Takedown,11,,11
2015-03-26-GoldenLiving.md,2015,03,26,GoldenLiving.md,Takedown,2,,
2015-03-31-DCSoft.md,2015,03,31,DCSoft.md,Takedown,1,,
2015-03-31-KDevLab.md,2015,03,31,KDevLab.md,Takedown,4,,
2015-03-31-Sulake-counternotice.md,2015,03,31,Sulake-counternotice.md,Counter Notice,1,,
2015-04-01-4impact.md,2015,04,01,4impact.md,Takedown,3,,
2015-04-01-cambridge-mobile.md,2015,04,01,cambridge-mobile.md,Takedown,26,,26
2015-04-01-eventbrite.md,2015,04,01,eventbrite.md,Takedown,1,,
2015-04-01-marvell.md,2015,04,01,marvell.md,Takedown,1,,
2015-04-01-microsoft-osg.md,2015,04,01,microsoft-osg.md,Takedown,1,,1
2015-04-01-UCSD.md,2015,04,01,UCSD.md,Takedown,1,,1
2015-04-03-aws.md,2015,04,03,aws.md,Takedown,4,,
2015-04-03-titlesource.md,2015,04,03,titlesource.md,Takedown,1,,
2015-04-07-cambridge-mobile.md,2015,04,07,cambridge-mobile.md,Takedown,11,,11
2015-04-08-marvell.md,2015,04,08,marvell.md,Takedown,1,,
2015-04-08-wiley.md,2015,04,08,wiley.md,Takedown,1,,
2015-04-14-cambridgemobile-2.md,2015,04,14,cambridgemobile-2.md,Takedown,16,,16
2015-04-14-cambridgemobile.md,2015,04,14,cambridgemobile.md,Takedown,6,,6
2015-04-14-codility-2.md,2015,04,14,codility-2.md,Takedown,1,,1
2015-04-14-codility.md,2015,04,14,codility.md,Takedown,1,,1
2015-04-14-radius.md,2015,04,14,radius.md,Takedown,1,,
2015-04-14-researchkit-2.md,2015,04,14,researchkit-2.md,Takedown,1,,
2015-04-14-researchkit.md,2015,04,14,researchkit.md,Takedown,1,,
2015-04-14-teradata.md,2015,04,14,teradata.md,Takedown,2,,
2015-04-15-apple.md,2015,04,15,apple.md,Takedown,1,,
2015-04-15-bp-automation.md,2015,04,15,bp-automation.md,Takedown,1,,
2015-04-16-Foxy-Themes-01.md,2015,04,16,Foxy-Themes-01.md,Takedown,1,,
2015-04-16-Foxy-Themes-02.md,2015,04,16,Foxy-Themes-02.md,Takedown,1,,
2015-04-16-Foxy-Themes-03.md,2015,04,16,Foxy-Themes-03.md,Takedown,1,,
2015-04-16-Foxy-Themes-04.md,2015,04,16,Foxy-Themes-04.md,Takedown,1,,
2015-04-16-Foxy-Themes-05.md,2015,04,16,Foxy-Themes-05.md,Takedown,1,,
2015-04-16-Foxy-Themes-06.md,2015,04,16,Foxy-Themes-06.md,Takedown,1,,
2015-04-16-Foxy-Themes-07.md,2015,04,16,Foxy-Themes-07.md,Takedown,1,,
2015-04-16-Foxy-Themes-08.md,2015,04,16,Foxy-Themes-08.md,Takedown,1,,
2015-04-16-Foxy-Themes-09.md,2015,04,16,Foxy-Themes-09.md,Takedown,1,,
2015-04-16-Foxy-Themes-10.md,2015,04,16,Foxy-Themes-10.md,Takedown,1,,
2015-04-16-Foxy-Themes-11.md,2015,04,16,Foxy-Themes-11.md,Takedown,1,,
2015-04-16-Foxy-Themes-12.md,2015,04,16,Foxy-Themes-12.md,Takedown,1,,
2015-04-19-Frozen-Sand.md,2015,04,19,Frozen-Sand.md,Takedown,1,,
2015-04-19-Pragmatic-Counternotice.md,2015,04,19,Pragmatic-Counternotice.md,Retraction,1,,
2015-04-21-foxythemes.md,2015,04,21,foxythemes.md,Takedown,1,,
2015-04-21-Lightbox-Evolution.md,2015,04,21,Lightbox-Evolution.md,Takedown,5,,
2015-04-21-Newznab.md,2015,04,21,Newznab.md,Takedown,1,,
2015-04-22-Pragmatic.md,2015,04,22,Pragmatic.md,Takedown,1,,
2015-04-22-Yahoo.md,2015,04,22,Yahoo.md,Takedown,2,,2
2015-04-23-Fidelity.md,2015,04,23,Fidelity.md,Takedown,1,,
2015-04-25-candyrat.md,2015,04,25,candyrat.md,Takedown,1,,
2015-04-25-foxythemes-2.md,2015,04,25,foxythemes-2.md,Takedown,1,,
2015-04-25-foxythemes-3.md,2015,04,25,foxythemes-3.md,Takedown,1,,
2015-04-25-foxythemes.md,2015,04,25,foxythemes.md,Takedown,1,,
2015-04-25-marvell.md,2015,04,25,marvell.md,Takedown,1,,
2015-04-25-placespeak.md,2015,04,25,placespeak.md,Takedown,1,,
2015-04-25-shepherddefender.md,2015,04,25,shepherddefender.md,Takedown,1,,
2015-04-25-yahoo.md,2015,04,25,yahoo.md,Takedown,3,,3
2015-04-28-zappit.md,2015,04,28,zappit.md,Takedown,1,,
2015-04-29-EE.md,2015,04,29,EE.md,Takedown,4,,
2015-04-29-Kenandy.md,2015,04,29,Kenandy.md,Takedown,1,,
2015-04-30-CoinGateway.md,2015,04,30,CoinGateway.md,Takedown,1,,
2015-04-30-SketchUp.md,2015,04,30,SketchUp.md,Takedown,1,,
2015-04-30-SunSigns.md,2015,04,30,SunSigns.md,Takedown,1,,
2015-04-30-WindRiver.md,2015,04,30,WindRiver.md,Takedown,1,,
2015-05-01-Aheadworks.md,2015,05,01,Aheadworks.md,Takedown,2,,
2015-05-01-Yahoo.md,2015,05,01,Yahoo.md,Takedown,2,,2
2015-05-05-Sungy.md,2015,05,05,Sungy.md,Takedown,1,,
2015-05-06-featherboard.md,2015,05,06,featherboard.md,Takedown,1,,
2015-05-07-Mopria.md,2015,05,07,Mopria.md,Takedown,1,,
2015-05-08-newznab.md,2015,05,08,newznab.md,Takedown,4,,
2015-05-11-atlassian.md,2015,05,11,atlassian.md,Takedown,1,,
2015-05-12-ArtVenue.md,2015,05,12,ArtVenue.md,Takedown,4,,
2015-05-12-Brentozar.md,2015,05,12,Brentozar.md,Takedown,1,,
2015-05-12-Codility.md,2015,05,12,Codility.md,Takedown,3,,3
2015-05-12-LGBluetooth-Counternotice.md,2015,05,12,LGBluetooth-Counternotice.md,Counter Notice,1,,
2015-05-12-Mopon.md,2015,05,12,Mopon.md,Takedown,9,,
2015-05-12-OcTc.md,2015,05,12,OcTc.md,Takedown,3,,
2015-05-13-atlassian.md,2015,05,13,atlassian.md,Takedown,1,,
2015-05-15-yahoo-jp.md,2015,05,15,yahoo-jp.md,Takedown,1,,1
2015-05-19-Canvas.md,2015,05,19,Canvas.md,Takedown,1,,
2015-05-20-Elydra.md,2015,05,20,Elydra.md,Takedown,1,,
2015-05-21-FIS.md,2015,05,21,FIS.md,Takedown,2,,
2015-05-22-Godzilab.md,2015,05,22,Godzilab.md,Takedown,1,,
2015-05-25-sp_whoisactive.md,2015,05,25,sp_whoisactive.md,Takedown,1,,
2015-05-27-Codility.md,2015,05,27,Codility.md,Takedown,1,,1
2015-05-27-elydra-retraction.md,2015,05,27,elydra-retraction.md,Retraction,1,,
2015-05-28-Expedia.md,2015,05,28,Expedia.md,Takedown,4,,
2015-05-28-Spayce.md,2015,05,28,Spayce.md,Takedown,1,,
2015-05-28-Tibbaa.md,2015,05,28,Tibbaa.md,Takedown,1,,
2015-05-29-CometChat.md,2015,05,29,CometChat.md,Takedown,1,,
2015-05-29-NETDNA.MD,2015,05,29,NETDNA.MD,Takedown,1,,
2015-06-01-bondlab.md,2015,06,01,bondlab.md,Takedown,1,,
2015-06-02-UofCSD.md,2015,06,02,UofCSD.md,Takedown,3,,
2015-06-02-YelloTravel.md,2015,06,02,YelloTravel.md,Takedown,1,,
2015-06-03-Canal-Plus.md,2015,06,03,Canal-Plus.md,Takedown,1,,
2015-06-04-nProbe.md,2015,06,04,nProbe.md,Takedown,1,,
2015-06-05-microsoft-osg.md,2015,06,05,microsoft-osg.md,Takedown,1,,1
2015-06-08-Ansible.md,2015,06,08,Ansible.md,Takedown,2,,
2015-06-08-FN.md,2015,06,08,FN.md,Takedown,1,,
2015-06-08-HiveMQ.md,2015,06,08,HiveMQ.md,Takedown,1,,
2015-06-08-Outfit7.md,2015,06,08,Outfit7.md,Takedown,1,,1
2015-06-08-Stereoarts.md,2015,06,08,Stereoarts.md,Takedown,2,,2
2015-06-09-Epita.md,2015,06,09,Epita.md,Takedown,1,,
2015-06-09-Line.md,2015,06,09,Line.md,Takedown,1,,
2015-06-09-Redstone.md,2015,06,09,Redstone.md,Takedown,1,,
2015-06-10-EE.md,2015,06,10,EE.md,Takedown,1,,
2015-06-10-Freelancer.md,2015,06,10,Freelancer.md,Takedown,1,,
2015-06-10-Outfit7-2.md,2015,06,10,Outfit7-2.md,Takedown,1,,1
2015-06-11-Outfit7.md,2015,06,11,Outfit7.md,Takedown,1,,1
2015-06-15-Outfit7.md,2015,06,15,Outfit7.md,Takedown,1,,1
2015-06-17-dynamicwebsitecompressor.md,2015,06,17,dynamicwebsitecompressor.md,Takedown,1,,
2015-06-19-Stereoarts.md,2015,06,19,Stereoarts.md,Takedown,2,,2
2015-06-22-nprobe-counternotice.md,2015,06,22,nprobe-counternotice.md,Counter Notice,1,,
2015-06-25-Trion.md,2015,06,25,Trion.md,Takedown,1,,
2015-06-25-Trion2.md,2015,06,25,Trion2.md,Takedown,1,,
2015-07-01-FreeNode-Alerts.md,2015,07,01,FreeNode-Alerts.md,Takedown,1,,
2015-07-01-ImperiumAO.md,2015,07,01,ImperiumAO.md,Takedown,1,,
2015-07-01-LINE-Corporation.md,2015,07,01,LINE-Corporation.md,Takedown,1,,
2015-07-01-observium.md,2015,07,01,observium.md,Takedown,1,,
2015-07-01-PacktPublishing.md,2015,07,01,PacktPublishing.md,Takedown,1,,
2015-07-01-Santali.md,2015,07,01,Santali.md,Takedown,1,,
2015-07-02-skipforward.md,2015,07,02,skipforward.md,Takedown,1,,
2015-07-02-stereoarts.md,2015,07,02,stereoarts.md,Takedown,3,,3
2015-07-03-LINE-Corp-counternotice.md,2015,07,03,LINE-Corp-counternotice.md,Counter Notice,1,,
2015-07-06-cskin.md,2015,07,06,cskin.md,Takedown,1,,
2015-07-06-fidelity.md,2015,07,06,fidelity.md,Takedown,2,,
2015-07-06-jetbrains.md,2015,07,06,jetbrains.md,Takedown,475,475,
2015-07-06-Kik.md,2015,07,06,Kik.md,Takedown,1,,
2015-07-06-meganavbar-1.md,2015,07,06,meganavbar-1.md,Takedown,1,,
2015-07-06-meganavbar-2.md,2015,07,06,meganavbar-2.md,Takedown,1,,
2015-07-06-meganavbar-3.md,2015,07,06,meganavbar-3.md,Takedown,1,,
2015-07-06-meganavbar-4.md,2015,07,06,meganavbar-4.md,Takedown,1,,
2015-07-06-meganavbar-5.md,2015,07,06,meganavbar-5.md,Takedown,1,,
2015-07-06-meganavbar-6.md,2015,07,06,meganavbar-6.md,Takedown,1,,
2015-07-06-meganavbar-7.md,2015,07,06,meganavbar-7.md,Takedown,1,,
2015-07-06-nintendo.md,2015,07,06,nintendo.md,Takedown,1,,
2015-07-06-observium-counternotice.md,2015,07,06,observium-counternotice.md,Counter Notice,1,,
2015-07-06-relogic.md,2015,07,06,relogic.md,Takedown,14,,
2015-07-06-rfxtrx.md,2015,07,06,rfxtrx.md,Takedown,1,,
2015-07-06-yoloify.md,2015,07,06,yoloify.md,Takedown,1,,
2015-07-07-ctrip.md,2015,07,07,ctrip.md,Takedown,1,,
2015-07-09-bmretail.md,2015,07,09,bmretail.md,Takedown,1,,
2015-07-13-ibm.md,2015,07,13,ibm.md,Takedown,1,,
2015-07-14-yoloify.md,2015,07,14,yoloify.md,Takedown,1,,
2015-07-15-codility-1.md,2015,07,15,codility-1.md,Takedown,2,,2
2015-07-15-codility-2.md,2015,07,15,codility-2.md,Takedown,1,,1
2015-07-15-meganavbar.md,2015,07,15,meganavbar.md,Takedown,1,,
2015-07-15-stereoarts.md,2015,07,15,stereoarts.md,Takedown,13,,13
2015-07-16-iw4m.md,2015,07,16,iw4m.md,Takedown,1,,
2015-07-21-2015-memetic.md,2015,07,21,2015-memetic.md,Takedown,1,,
2015-07-21-MediaWiki.md,2015,07,21,MediaWiki.md,Takedown,1,,
2015-07-21-Outfit7-1.md,2015,07,21,Outfit7-1.md,Takedown,1,,1
2015-07-21-Outfit7-2.md,2015,07,21,Outfit7-2.md,Takedown,1,,1
2015-07-21-Outfit7-3.md,2015,07,21,Outfit7-3.md,Takedown,1,,1
2015-07-21-Outfit7-4.md,2015,07,21,Outfit7-4.md,Takedown,1,,1
2015-07-21-Outfit7-5.md,2015,07,21,Outfit7-5.md,Takedown,1,,1
2015-07-21-Outfit7-6.md,2015,07,21,Outfit7-6.md,Takedown,1,,1
2015-07-21-Outfit7-7.md,2015,07,21,Outfit7-7.md,Takedown,1,,1
2015-07-21-Outfit7-8.md,2015,07,21,Outfit7-8.md,Takedown,1,,1
2015-07-21-Outfit7-9.md,2015,07,21,Outfit7-9.md,Takedown,1,,1
2015-07-21-Outfit7-10.md,2015,07,21,Outfit7-10.md,Takedown,1,,1
2015-07-21-outfit7-11.md,2015,07,21,outfit7-11.md,Takedown,1,,1
2015-07-21-outfit7-12.md,2015,07,21,outfit7-12.md,Takedown,1,,1
2015-07-21-outfit7-13.md,2015,07,21,outfit7-13.md,Takedown,1,,1
2015-07-21-outfit7-14.md,2015,07,21,outfit7-14.md,Takedown,1,,1
2015-07-21-outfit7-15.md,2015,07,21,outfit7-15.md,Takedown,1,,1
2015-07-21-outfit7-16.md,2015,07,21,outfit7-16.md,Takedown,1,,1
2015-07-21-outfit7-17.md,2015,07,21,outfit7-17.md,Takedown,1,,1
2015-07-21-outfit7-18.md,2015,07,21,outfit7-18.md,Takedown,1,,1
2015-07-21-outfit7-19.md,2015,07,21,outfit7-19.md,Takedown,1,,1
2015-07-21-outfit7-20.md,2015,07,21,outfit7-20.md,Takedown,1,,1
2015-07-21-outfit7-21.md,2015,07,21,outfit7-21.md,Takedown,1,,1
2015-07-21-outfit7-22.md,2015,07,21,outfit7-22.md,Takedown,1,,1
2015-07-21-outfit7-23.md,2015,07,21,outfit7-23.md,Takedown,1,,1
2015-07-21-outfit7-24.md,2015,07,21,outfit7-24.md,Takedown,1,,1
2015-07-21-outfit7-25.md,2015,07,21,outfit7-25.md,Takedown,1,,1
2015-07-21-outfit7-26.md,2015,07,21,outfit7-26.md,Takedown,1,,1
2015-07-21-outfit7-27.md,2015,07,21,outfit7-27.md,Takedown,1,,1
2015-07-21-outfit7-28.md,2015,07,21,outfit7-28.md,Takedown,1,,1
2015-07-21-outfit7-29.md,2015,07,21,outfit7-29.md,Takedown,1,,1
2015-07-21-outfit7-30.md,2015,07,21,outfit7-30.md,Takedown,1,,1
2015-07-21-outfit7-31.md,2015,07,21,outfit7-31.md,Takedown,1,,1
2015-07-21-outfit7-32.md,2015,07,21,outfit7-32.md,Takedown,1,,1
2015-07-21-outfit7-33.md,2015,07,21,outfit7-33.md,Takedown,1,,1
2015-07-21-outfit7-34-Counternotice.md,2015,07,21,outfit7-34-Counternotice.md,Counter Notice,1,,
2015-07-21-outfit7-34.md,2015,07,21,outfit7-34.md,Takedown,1,,1
2015-07-21-outfit7-35.md,2015,07,21,outfit7-35.md,Takedown,1,,1
2015-07-21-outfit7-36.md,2015,07,21,outfit7-36.md,Takedown,1,,1
2015-07-21-outfit7-37.md,2015,07,21,outfit7-37.md,Takedown,1,,1
2015-07-21-outfit7-38.md,2015,07,21,outfit7-38.md,Takedown,1,,1
2015-07-21-outfit7-39.md,2015,07,21,outfit7-39.md,Takedown,1,,1
2015-07-21-outfit7-40.md,2015,07,21,outfit7-40.md,Takedown,1,,1
2015-07-21-outfit7-41.md,2015,07,21,outfit7-41.md,Takedown,1,,1
2015-07-21-outfit7-42.md,2015,07,21,outfit7-42.md,Takedown,1,,1
2015-07-21-outfit7-43.md,2015,07,21,outfit7-43.md,Takedown,1,,1
2015-07-22-Dedual-Enterprises.md,2015,07,22,Dedual-Enterprises.md,Takedown,1,,
2015-07-23-Dedual-Enterprises-retraction.md,2015,07,23,Dedual-Enterprises-retraction.md,Retraction,1,,
2015-07-24-stereoarts.md,2015,07,24,stereoarts.md,Takedown,6,,6
2015-07-26-Aldec.md,2015,07,26,Aldec.md,Takedown,1,,
2015-07-26-memetic-counternotice.md,2015,07,26,memetic-counternotice.md,Counter Notice,1,,
2015-07-26-MircoORM-Counternotice.md,2015,07,26,MircoORM-Counternotice.md,Counter Notice,1,,
2015-07-26-MircoORM.md,2015,07,26,MircoORM.md,Takedown,1,,
2015-07-26-outfit7.md,2015,07,26,outfit7.md,Takedown,1,,1
2015-07-29-ECGWavesPlayer.md,2015,07,29,ECGWavesPlayer.md,Takedown,1,,
2015-07-30-Agario.md,2015,07,30,Agario.md,Takedown,1,,
2015-07-30-TMSSoftware-BCB-newComp.md,2015,07,30,TMSSoftware-BCB-newComp.md,Takedown,1,,
2015-07-30-TMSSoftware-bovspa.md,2015,07,30,TMSSoftware-bovspa.md,Takedown,1,,
2015-07-30-TMSSoftware-CalView.md,2015,07,30,TMSSoftware-CalView.md,Takedown,1,,
2015-07-30-TMSSoftware-Fontes.md,2015,07,30,TMSSoftware-Fontes.md,Takedown,1,,
2015-07-30-TMSSoftware-Meus-Projetos-Counternotice.md,2015,07,30,TMSSoftware-Meus-Projetos-Counternotice.md,Takedown,1,,
2015-07-30-TMSSoftware-RuralRobots.md,2015,07,30,TMSSoftware-RuralRobots.md,Takedown,1,,
2015-07-30-Zira.md,2015,07,30,Zira.md,Takedown,1,,
2015-07-31-Drossin.md,2015,07,31,Drossin.md,Takedown,1,,
2015-07-31-ReLogic.md,2015,07,31,ReLogic.md,Takedown,1,,
2015-07-31-Varosoft.md,2015,07,31,Varosoft.md,Takedown,1,,
2015-08-05-Codility.md,2015,08,05,Codility.md,Takedown,1,,1
2015-08-05-Outfit7.md,2015,08,05,Outfit7.md,Takedown,1,,1
2015-08-12-ByteHand.md,2015,08,12,ByteHand.md,Takedown,1,,
2015-08-12-LogZilla.md,2015,08,12,LogZilla.md,Takedown,1,,
2015-08-12-Udemy.md,2015,08,12,Udemy.md,Takedown,1,,
2015-08-13-ECGWaves.md,2015,08,13,ECGWaves.md,Takedown,1,,
2015-08-13-UCSD.md,2015,08,13,UCSD.md,Takedown,1,,1
2015-08-13-uLua.md,2015,08,13,uLua.md,Takedown,1,,
2015-08-14-Chouettes.md,2015,08,14,Chouettes.md,Takedown,1,,
2015-08-16-Broadcom.md,2015,08,16,Broadcom.md,Takedown,4,,
2015-08-16-FLVS.md,2015,08,16,FLVS.md,Takedown,1,,
2015-08-16-LINE-Corp.md,2015,08,16,LINE-Corp.md,Takedown,1,,
2015-08-16-Stronghold.md,2015,08,16,Stronghold.md,Takedown,1,,
2015-08-16-Success-Academies.md,2015,08,16,Success-Academies.md,Takedown,1,,
2015-08-16-SXP.md,2015,08,16,SXP.md,Takedown,3,,
2015-08-16-twitter-contest-bot.md,2015,08,16,twitter-contest-bot.md,Takedown,1,,
2015-08-16-WEBIM-RU.md,2015,08,16,WEBIM-RU.md,Takedown,1,,
2015-08-17-Avid.md,2015,08,17,Avid.md,Takedown,1,,
2015-08-17-LINE-Corp-counternotice.md,2015,08,17,LINE-Corp-counternotice.md,Counter Notice,1,,
2015-08-17-SHOPXX.md,2015,08,17,SHOPXX.md,Takedown,8,,8
2015-08-17-uLua-counternotice.md,2015,08,17,uLua-counternotice.md,Counter Notice,1,,
2015-08-17-Yandex.md,2015,08,17,Yandex.md,Takedown,1,,
2015-08-19-ECGWaves.md,2015,08,19,ECGWaves.md,Takedown,29,,
2015-08-21-Featherboard.md,2015,08,21,Featherboard.md,Takedown,1,,
2015-08-22-taudiovolume.md,2015,08,22,taudiovolume.md,Takedown,1,,
2015-08-24-Cisco.md,2015,08,24,Cisco.md,Takedown,1,,
2015-08-24-SuccessAcademies.md,2015,08,24,SuccessAcademies.md,Takedown,1,,
2015-08-24-Vanderbilt.md,2015,08,24,Vanderbilt.md,Takedown,1,,
2015-08-25-FLVS.md,2015,08,25,FLVS.md,Takedown,5,,
2015-08-25-Yandex.md,2015,08,25,Yandex.md,Takedown,2,,
2015-08-26-ParadoxLabs.md,2015,08,26,ParadoxLabs.md,Takedown,1,,
2015-08-27-Cisco.md,2015,08,27,Cisco.md,Takedown,10,,
2015-08-27-Tecnick.md,2015,08,27,Tecnick.md,Takedown,30,,30
2015-08-30-shopxx.md,2015,08,30,shopxx.md,Takedown,15,,15
2015-08-31-ParadoxLabs.md,2015,08,31,ParadoxLabs.md,Takedown,4,,
2015-08-31-Technick.md,2015,08,31,Technick.md,Takedown,1,,1
2015-08-31-Tecnick-2.md,2015,08,31,Tecnick-2.md,Takedown,3,,3
2015-09-01-gigmor.md,2015,09,01,gigmor.md,Takedown,1,,
2015-09-01-powerplan7.md,2015,09,01,powerplan7.md,Takedown,1,,
2015-09-01-shopxx.md,2015,09,01,shopxx.md,Takedown,6,,6
2015-09-02-NewsCred.md,2015,09,02,NewsCred.md,Takedown,1,,
2015-09-03-NewsCred.md,2015,09,03,NewsCred.md,Takedown,1,,
2015-09-03-shopxx.md,2015,09,03,shopxx.md,Takedown,2,,
2015-09-04-Codility.md,2015,09,04,Codility.md,Takedown,1,,1
2015-09-04-Equifax.md,2015,09,04,Equifax.md,Takedown,1,,
2015-09-06-taudiovolume.md,2015,09,06,taudiovolume.md,Takedown,1,,
2015-09-08-FontData-2.md,2015,09,08,FontData-2.md,Takedown,1,,
2015-09-08-FontData-3.md,2015,09,08,FontData-3.md,Takedown,1,,
2015-09-08-FontData-4.md,2015,09,08,FontData-4.md,Takedown,1,,
2015-09-08-FontData-5.md,2015,09,08,FontData-5.md,Takedown,1,,
2015-09-08-FontData-6.md,2015,09,08,FontData-6.md,Takedown,1,,
2015-09-08-FontData-7.md,2015,09,08,FontData-7.md,Takedown,1,,
2015-09-08-FontData-8.md,2015,09,08,FontData-8.md,Takedown,1,,
2015-09-08-FontData-9.md,2015,09,08,FontData-9.md,Takedown,0,,
2015-09-08-FontData-10.md,2015,09,08,FontData-10.md,Takedown,1,,
2015-09-08-FontData-11.md,2015,09,08,FontData-11.md,Takedown,1,,
2015-09-08-FontData-12.md,2015,09,08,FontData-12.md,Takedown,1,,
2015-09-08-FontData-13.md,2015,09,08,FontData-13.md,Takedown,1,,
2015-09-08-FontData-14.md,2015,09,08,FontData-14.md,Takedown,1,,
2015-09-08-FontData-15.md,2015,09,08,FontData-15.md,Takedown,1,,
2015-09-08-FontData-16.md,2015,09,08,FontData-16.md,Takedown,1,,
2015-09-08-FontData-17.md,2015,09,08,FontData-17.md,Takedown,1,,
2015-09-08-FontData-18.md,2015,09,08,FontData-18.md,Takedown,1,,
2015-09-08-FontData-19.md,2015,09,08,FontData-19.md,Takedown,1,,
2015-09-08-FontData-20.md,2015,09,08,FontData-20.md,Takedown,1,,
2015-09-08-FontData-21.md,2015,09,08,FontData-21.md,Takedown,1,,
2015-09-08-FontData-22.md,2015,09,08,FontData-22.md,Takedown,0,,
2015-09-08-FontData,2015,09,08,FontData,Takedown,1,,
2015-09-09-ahri,2015,09,09,ahri,Takedown,9,,
2015-09-09-Pluralsight,2015,09,09,Pluralsight,Takedown,1,,
2015-09-09-Tecnick,2015,09,09,Tecnick,Takedown,70,,70
2015-09-10-wpecommerce,2015,09,10,wpecommerce,Takedown,1,,
2015-09-14-Pooductive,2015,09,14,Pooductive,Takedown,1,,
2015-09-14-UCSD,2015,09,14,UCSD,Takedown,1,,1
2015-09-14-wpecommerce-counter,2015,09,14,wpecommerce-counter,Counter Notice,1,,
2015-09-14-wpviralquiz,2015,09,14,wpviralquiz,Takedown,1,,
2015-09-15-ALM,2015,09,15,ALM,Takedown,1,,
2015-09-16-ingeniousgaming,2015,09,16,ingeniousgaming,Takedown,1,,
2015-09-16-waylaydesign,2015,09,16,waylaydesign,Takedown,1,,
2015-09-21-Avid,2015,09,21,Avid,Takedown,1,,
2015-09-21-CMS,2015,09,21,CMS,Takedown,2,,
2015-09-21-fifthfreedom.md,2015,09,21,fifthfreedom.md,Takedown,1,,
2015-09-21-Scriptolution.md,2015,09,21,Scriptolution.md,Takedown,1,,
2015-09-21-Uber.md,2015,09,21,Uber.md,Takedown,1,,
2015-09-22-jetbrains.md,2015,09,22,jetbrains.md,Takedown,500,500,
2015-09-22-Medidata.md,2015,09,22,Medidata.md,Takedown,1,,
2015-09-22-wahoo.md,2015,09,22,wahoo.md,Takedown,13,,
2015-09-23-VibeMedia.md,2015,09,23,VibeMedia.md,Takedown,1,,
2015-09-24-wahoo-retraction.md,2015,09,24,wahoo-retraction.md,Retraction,13,,
2015-09-25-Vibe.md,2015,09,25,Vibe.md,Takedown,1,,
2015-09-26-LeadCliq.md,2015,09,26,LeadCliq.md,Takedown,2,,
2015-09-26-newebuy.md,2015,09,26,newebuy.md,Takedown,5064,5064,
2015-09-28-Outfit7-2.md,2015,09,28,Outfit7-2.md,Takedown,10,,10
2015-09-28-Outfit7.md,2015,09,28,Outfit7.md,Takedown,10,,10
2015-09-28-tappiGroup.md,2015,09,28,tappiGroup.md,Takedown,1,,
2015-09-28-UniversityOfVictoria.md,2015,09,28,UniversityOfVictoria.md,Takedown,1,,
2015-09-29-icedevel.md,2015,09,29,icedevel.md,Takedown,1,,
2015-09-29-mapanet.md,2015,09,29,mapanet.md,Takedown,1,,
2015-09-29-Outfit7.md,2015,09,29,Outfit7.md,Takedown,8,,8
2015-09-29-Suning.md,2015,09,29,Suning.md,Takedown,1,,1
2015-09-29-Suning2.md,2015,09,29,Suning2.md,Takedown,22,,22
2015-09-30-beepia.md,2015,09,30,beepia.md,Takedown,1,,
2015-09-30-Suning.md,2015,09,30,Suning.md,Takedown,63,,63
2015-09-30-Suning2.md,2015,09,30,Suning2.md,Takedown,5,,5
2015-10-01-CodeForage.md,2015,10,01,CodeForage.md,Takedown,1,,
2015-10-01-MMD4Mecanim.md,2015,10,01,MMD4Mecanim.md,Takedown,2,,
2015-10-01-Suning.md,2015,10,01,Suning.md,Takedown,80,,80
2015-10-01-Suning2.md,2015,10,01,Suning2.md,Takedown,52,,52
2015-10-02-Blizzard.md,2015,10,02,Blizzard.md,Takedown,1,,
2015-10-02-Intel.md,2015,10,02,Intel.md,Takedown,1,,
2015-10-02-Suning.md,2015,10,02,Suning.md,Takedown,1,,1
2015-10-02-UCSD.md,2015,10,02,UCSD.md,Takedown,1,,1
2015-10-04-Adobe.md,2015,10,04,Adobe.md,Takedown,1,,1
2015-10-04-jetbrains-counternotice.md,2015,10,04,jetbrains-counternotice.md,Counter Notice,1,,
2015-10-04-suning.md,2015,10,04,suning.md,Takedown,328,328,328
2015-10-05-Suning.md,2015,10,05,Suning.md,Takedown,1,,1
2015-10-06-isometric-toolkit.md,2015,10,06,isometric-toolkit.md,Takedown,1,,
2015-10-06-mazumalabs.md,2015,10,06,mazumalabs.md,Takedown,1,,
2015-10-06-Pottermore.md,2015,10,06,Pottermore.md,Takedown,1,,
2015-10-07-UCSD.md,2015,10,07,UCSD.md,Takedown,2,,2
2015-10-09-UCSD.md,2015,10,09,UCSD.md,Takedown,1,,1
2015-10-09-XyCraft.md,2015,10,09,XyCraft.md,Takedown,1,,
2015-10-12-CloudExpress.md,2015,10,12,CloudExpress.md,Takedown,3,,
2015-10-12-Suning.md,2015,10,12,Suning.md,Takedown,102,102,102
2015-10-13-Adobe.md,2015,10,13,Adobe.md,Takedown,3,,3
2015-10-13-EDEN.md,2015,10,13,EDEN.md,Takedown,1,,
2015-10-14-NielsenNelson.md,2015,10,14,NielsenNelson.md,Takedown,1,,
2015-10-15-Jetbrains-Counternotice.md,2015,10,15,Jetbrains-Counternotice.md,Counter Notice,1,,
2015-10-15-JRebel.md,2015,10,15,JRebel.md,Takedown,1,,
2015-10-16-magento.md,2015,10,16,magento.md,Takedown,7,,
2015-10-19-CerebroTarget.md,2015,10,19,CerebroTarget.md,Takedown,1,,
2015-10-20-BeardedManStudios.md,2015,10,20,BeardedManStudios.md,Takedown,1,,
2015-10-20-Microsoft-OSG.md,2015,10,20,Microsoft-OSG.md,Takedown,1,,1
2015-10-20-Telstra.md,2015,10,20,Telstra.md,Takedown,1,,
2015-10-21-CerebroTarget.md,2015,10,21,CerebroTarget.md,Takedown,1,,
2015-10-21-Telstra-2.md,2015,10,21,Telstra-2.md,Takedown,1,,
2015-10-21-Telstra-3.md,2015,10,21,Telstra-3.md,Takedown,1,,
2015-10-21-Telstra.md,2015,10,21,Telstra.md,Takedown,2,,
2015-10-22-MCS-4.md,2015,10,22,MCS-4.md,Takedown,1,,
2015-10-22-Telstra-retraction.md,2015,10,22,Telstra-retraction.md,Retraction,2,,
2015-10-22-TransparentPropertiesInc.md,2015,10,22,TransparentPropertiesInc.md,Takedown,1,,
2015-10-23-Dachuwang.md,2015,10,23,Dachuwang.md,Takedown,8,,
2015-10-23-SimonSchuster.md,2015,10,23,SimonSchuster.md,Takedown,1,,
2015-10-26-stereoarts.md,2015,10,26,stereoarts.md,Takedown,1,,1
2015-10-27-EIMS.md,2015,10,27,EIMS.md,Takedown,1,,
2015-10-27-Python-iview.md,2015,10,27,Python-iview.md,Takedown,1,,
2015-10-27-Stereoarts.md,2015,10,27,Stereoarts.md,Takedown,13,,13
2015-11-01-Grillitype.md,2015,11,01,Grillitype.md,Takedown,1,,
2015-11-01-Jetbrains-Counternotice.md,2015,11,01,Jetbrains-Counternotice.md,Counter Notice,1,,
2015-11-02-infiSTAR.md,2015,11,02,infiSTAR.md,Takedown,1,,
2015-11-02-NAGRA.md,2015,11,02,NAGRA.md,Takedown,1,,
2015-11-02-OneUI.md,2015,11,02,OneUI.md,Takedown,3,,
2015-11-02-OReilly.md,2015,11,02,OReilly.md,Takedown,1,,
2015-11-04-Adobe.md,2015,11,04,Adobe.md,Takedown,3,,3
2015-11-04-Alliance.md,2015,11,04,Alliance.md,Takedown,1,,
2015-11-04-Atlas.md,2015,11,04,Atlas.md,Takedown,1,,
2015-11-04-newmirai.md,2015,11,04,newmirai.md,Takedown,1,,
2015-11-05-Gwent.md,2015,11,05,Gwent.md,Takedown,29,,
2015-11-05-Timetastic.md,2015,11,05,Timetastic.md,Takedown,1,,
2015-11-09-Broadcom.md,2015,11,09,Broadcom.md,Takedown,1,,
2015-11-09-codility.md,2015,11,09,codility.md,Takedown,1,,1
2015-11-09-Fidelity.md,2015,11,09,Fidelity.md,Takedown,1,,
2015-11-09-Kanji.md,2015,11,09,Kanji.md,Takedown,1,,
2015-11-09-RandomHouse.md,2015,11,09,RandomHouse.md,Takedown,1,,
2015-11-10-QingtingFM.md,2015,11,10,QingtingFM.md,Takedown,1,,
2015-11-10-SHOPXX-2.md,2015,11,10,SHOPXX-2.md,Takedown,13,,13
2015-11-10-SHOPXX.md,2015,11,10,SHOPXX.md,Takedown,2,,2
2015-11-11-Brightergy.md,2015,11,11,Brightergy.md,Takedown,2,,
2015-11-11-Codility.md,2015,11,11,Codility.md,Takedown,3,,3
2015-11-11-GigaGet.md,2015,11,11,GigaGet.md,Takedown,1,,
2015-11-11-Limilabs.md,2015,11,11,Limilabs.md,Takedown,1,,
2015-11-12-partio.md,2015,11,12,partio.md,Takedown,1,,
2015-11-13-Weibo.md,2015,11,13,Weibo.md,Takedown,1,,
2015-11-17-Adobe.md,2015,11,17,Adobe.md,Takedown,20,,20
2015-11-17-HeavenApps.md,2015,11,17,HeavenApps.md,Takedown,1,,
2015-11-17-McGrawHill.md,2015,11,17,McGrawHill.md,Takedown,1,,
2015-11-18-HarperCollins.md,2015,11,18,HarperCollins.md,Takedown,1,,
2015-11-18-ToontownStride.md,2015,11,18,ToontownStride.md,Takedown,3,,
2015-11-19-Spigot.md,2015,11,19,Spigot.md,Takedown,1,,
2015-11-19-Stereoarts.md,2015,11,19,Stereoarts.md,Takedown,1,,1
2015-11-23-Bilibili.md,2015,11,23,Bilibili.md,Takedown,1,,
2015-11-23-HiveMQ.md,2015,11,23,HiveMQ.md,Takedown,1,,
2015-11-23-IEC.md,2015,11,23,IEC.md,Takedown,1,,
2015-11-23-Pottermore.md,2015,11,23,Pottermore.md,Takedown,1,,
2015-11-23-ToontownStride-CounterNotice.md,2015,11,23,ToontownStride-CounterNotice.md,Counter Notice,1,,
2015-11-24-Placespeak.md,2015,11,24,Placespeak.md,Takedown,1,,
2015-11-30-Penguin.md,2015,11,30,Penguin.md,Takedown,1,,
2015-11-30-TextMeshPro.md,2015,11,30,TextMeshPro.md,Takedown,1,,
2015-11-30-U8SDK.md,2015,11,30,U8SDK.md,Takedown,5,,
2015-12-01-Adobe.md,2015,12,01,Adobe.md,Takedown,1,,1
2015-12-01-Beardev.md,2015,12,01,Beardev.md,Takedown,3,,
2015-12-01-Exchange2013PreReq.md,2015,12,01,Exchange2013PreReq.md,Takedown,1,,
2015-12-01-Nezibo.md,2015,12,01,Nezibo.md,Takedown,1,,
2015-12-01-RightHere.md,2015,12,01,RightHere.md,Takedown,1,,
2015-12-02-StormHBase.md,2015,12,02,StormHBase.md,Takedown,1,,
2015-12-03-Codility.md,2015,12,03,Codility.md,Takedown,2,,2
2015-12-03-King.md,2015,12,03,King.md,Takedown,1,,
2015-12-03-Magento.md,2015,12,03,Magento.md,Takedown,5,,
2015-12-03-MyAuctionCreator.md,2015,12,03,MyAuctionCreator.md,Takedown,1,,
2015-12-03-Qualcomm.md,2015,12,03,Qualcomm.md,Takedown,1,,1
2015-12-04-Async-CounterNotice.md,2015,12,04,Async-CounterNotice.md,Counter Notice,1,,
2015-12-04-Async.md,2015,12,04,Async.md,Takedown,15,,
2015-12-07-KKPlayer.md,2015,12,07,KKPlayer.md,Takedown,1,,
2015-12-07-Roboreus.md,2015,12,07,Roboreus.md,Takedown,1,,
2015-12-07-UCSD.md,2015,12,07,UCSD.md,Takedown,2,,2
2015-12-07-Zhe800.md,2015,12,07,Zhe800.md,Takedown,1,,
2015-12-08-JapanCreativeContentsAlliance.md,2015,12,08,JapanCreativeContentsAlliance.md,Takedown,1,,
2015-12-08-Jetbrains-Counternotice.md,2015,12,08,Jetbrains-Counternotice.md,Counter Notice,1,,
2015-12-10-Ambarella.md,2015,12,10,Ambarella.md,Takedown,1,,
2015-12-10-StereoArts.md,2015,12,10,StereoArts.md,Takedown,1,,1
2015-12-11-CoinGateway-Counternotice.md,2015,12,11,CoinGateway-Counternotice.md,Counter Notice,1,,
2015-12-11-U8SDK.md,2015,12,11,U8SDK.md,Takedown,4,,
2015-12-14-Ambarella.md,2015,12,14,Ambarella.md,Takedown,4,,
2015-12-14-Suning.md,2015,12,14,Suning.md,Takedown,128,128,128
2015-12-14-WSNProj.md,2015,12,14,WSNProj.md,Takedown,1,,
2015-12-15-Cheuschober.md,2015,12,15,Cheuschober.md,Takedown,1,,
2015-12-15-KKPlayer.md,2015,12,15,KKPlayer.md,Takedown,5,,
2015-12-15-Zhe800.md,2015,12,15,Zhe800.md,Takedown,2,,
2015-12-16-Ambarella.md,2015,12,16,Ambarella.md,Takedown,13,,
2015-12-16-BookingPal.md,2015,12,16,BookingPal.md,Takedown,1,,
2015-12-16-PragmataPro.md,2015,12,16,PragmataPro.md,Takedown,1,,
2015-12-18-SHOPXX.md,2015,12,18,SHOPXX.md,Takedown,2,,2
2015-12-18-VSCO.md,2015,12,18,VSCO.md,Takedown,1,,
2015-12-18-Waitrose.md,2015,12,18,Waitrose.md,Takedown,1,,
2015-12-20-Codility.md,2015,12,20,Codility.md,Takedown,1,,1
2015-12-21-PragmataPro.md,2015,12,21,PragmataPro.md,Takedown,16,,
2015-12-21-U8SDK.md,2015,12,21,U8SDK.md,Takedown,7,,
2015-12-24-EIS.md,2015,12,24,EIS.md,Takedown,1,,
2015-12-24-GOKE.md,2015,12,24,GOKE.md,Takedown,1,,
2015-12-24-Qualcomm.md,2015,12,24,Qualcomm.md,Takedown,1,,1
2015-12-25-Shop.md,2015,12,25,Shop.md,Takedown,1,,1
2015-12-25-Synchronoss.md,2015,12,25,Synchronoss.md,Takedown,1,,
2015-12-26-Qualcomm.md,2015,12,26,Qualcomm.md,Takedown,1,,1
2015-12-28-guru99.md,2015,12,28,guru99.md,Takedown,1,,
2015-12-28-Qualcomm.md,2015,12,28,Qualcomm.md,Takedown,1,,1
2015-12-29-XimalayaFM.md,2015,12,29,XimalayaFM.md,Takedown,1,,
2015-12-30-Codility.md,2015,12,30,Codility.md,Takedown,1,,1
2015-12-30-DiscordClientModding.md,2015,12,30,DiscordClientModding.md,Takedown,1,,
2015-12-30-SteamTrader.md,2015,12,30,SteamTrader.md,Takedown,1,,