Filename,Year,Month,Date,Description,Type of Notice,Number of Repos Affected
2019-01-02-Dynastic.md,2019,1,2,Dynastic,takedown,1
2019-01-02-Englishjet.md,2019,1,2,Englishjet,takedown,1
2019-01-02-IKMTeckChek.md,2019,1,2,IKMTeckChek,takedown,1
2019-01-02-Odoo-2.md,2019,1,2,Odoo-2,takedown,3
2019-01-02-Odoo-3.md,2019,1,2,Odoo-3,takedown,10
2019-01-02-Odoo.md,2019,1,2,Odoo,takedown,2
2019-01-02-SlayTheSpire.md,2019,1,2,SlayTheSpire,takedown,1
2019-01-02-Voxel.md,2019,1,2,Voxel,takedown,1
2019-01-02-Webkul-2.md,2019,1,2,Webkul-2,takedown,1
2019-01-02-Webkul-3.md,2019,1,2,Webkul-3,takedown,1
2019-01-02-Webkul-4.md,2019,1,2,Webkul-4,takedown,1
2019-01-02-Webkul-5.md,2019,1,2,Webkul-5,takedown,1
2019-01-02-Webkul.md,2019,1,2,Webkul,takedown,1
2019-01-02-cs260.md,2019,1,2,cs260,takedown,1
2019-01-02-wix.md,2019,1,2,wix,takedown,1
2019-01-03-Corals.md,2019,1,3,Corals,takedown,6
2019-01-03-Packt.md,2019,1,3,Packt,takedown,210
2019-01-03-Pottermore.md,2019,1,3,Pottermore,takedown,1
2019-01-03-Webkul-2.md,2019,1,3,Webkul-2,takedown,1
2019-01-03-Webkul-3.md,2019,1,3,Webkul-3,takedown,1
2019-01-03-Webkul.md,2019,1,3,Webkul,takedown,1
2019-01-03-ajtek.md,2019,1,3,ajtek,takedown,1
2019-01-04-Amazon.md,2019,1,4,Amazon,takedown,1
2019-01-04-Odoo.md,2019,1,4,Odoo,takedown,1
2019-01-04-ReedElsevier.md,2019,1,4,ReedElsevier,takedown,1
2019-01-04-StereoArts.md,2019,1,4,StereoArts,takedown,3
2019-01-07-BMO.md,2019,1,7,BMO,takedown,1
2019-01-07-ChartPatterns.md,2019,1,7,ChartPatterns,takedown,1
2019-01-07-Northwoods.md,2019,1,7,Northwoods,takedown,1
2019-01-07-RootMe.md,2019,1,7,RootMe,takedown,1
2019-01-07-ThemeInfuse.md,2019,1,7,ThemeInfuse,takedown,1
2019-01-07-WinterGameProject.md,2019,1,7,WinterGameProject,takedown,1
2019-01-07-icanstudioz.md,2019,1,7,icanstudioz,takedown,3
2019-01-07-phpFiddle.md,2019,1,7,phpFiddle,takedown,1
2019-01-08-AppJetty.md,2019,1,8,AppJetty,takedown,3
2019-01-08-CrackingtheCoding.md,2019,1,8,CrackingtheCoding,takedown,48
2019-01-08-SEGGER.md,2019,1,8,SEGGER,takedown,1
2019-01-08-Stereoarts.md,2019,1,8,Stereoarts,takedown,1
2019-01-08-yFiles-2.md,2019,1,8,yFiles-2,takedown,1
2019-01-08-yFiles-3.md,2019,1,8,yFiles-3,takedown,1
2019-01-08-yFiles-4.md,2019,1,8,yFiles-4,takedown,1
2019-01-08-yFiless.md,2019,1,8,yFiless,takedown,1
2019-01-09-CapitalOne.md,2019,1,9,CapitalOne,takedown,1
2019-01-09-Enroute.md,2019,1,9,Enroute,takedown,1
2019-01-09-Mobiscroll.md,2019,1,9,Mobiscroll,takedown,23
2019-01-09-OffensiveSecurity.md,2019,1,9,OffensiveSecurity,takedown,29
2019-01-09-Zurich.md,2019,1,9,Zurich,takedown,1
2019-01-10-Attributor2.md,2019,1,10,Attributor2,takedown,1
2019-01-10-Devploit.md,2019,1,10,Devploit,takedown,3
2019-01-10-FHAdmin.md,2019,1,10,FHAdmin,takedown,3
2019-01-10-Onsist.md,2019,1,10,Onsist,takedown,5
2019-01-11-CXJ.md,2019,1,11,CXJ,takedown,1
2019-01-11-CambridgeIntelligence.md,2019,1,11,CambridgeIntelligence,takedown,1
2019-01-11-Codility.md,2019,1,11,Codility,takedown,1
2019-01-11-CrackingtheCode.md,2019,1,11,CrackingtheCode,takedown,4
2019-01-11-Enroute.md,2019,1,11,Enroute,takedown,2
2019-01-11-Fiverr.md,2019,1,11,Fiverr,takedown,1
2019-01-11-LobbyMess-CounterNotice.md,2019,1,11,LobbyMess-CounterNotice,counternotice,1
2019-01-11-MissFresh-2.md,2019,1,11,MissFresh-2,takedown,1
2019-01-11-MissFresh.md,2019,1,11,MissFresh,takedown,1
2019-01-11-MyApp.md,2019,1,11,MyApp,takedown,12
2019-01-11-OSTEP.md,2019,1,11,OSTEP,takedown,1
2019-01-11-PayCenter.md,2019,1,11,PayCenter,takedown,1
2019-01-11-SYDA.md,2019,1,11,SYDA,takedown,1
2019-01-11-Springer.md,2019,1,11,Springer,takedown,1
2019-01-11-tax-platform.md,2019,1,11,tax-platform,takedown,1
2019-01-13-Longrise.md,2019,1,13,Longrise,takedown,1
2019-01-14-FHAdmin.md,2019,1,14,FHAdmin,takedown,4
2019-01-14-Jetbrains.md,2019,1,14,Jetbrains,takedown,84
2019-01-14-ListApp.md,2019,1,14,ListApp,takedown,3
2019-01-14-Pearson.md,2019,1,14,Pearson,takedown,9
2019-01-15-BOA.md,2019,1,15,BOA,takedown,1
2019-01-15-MercadoLibre.md,2019,1,15,MercadoLibre,takedown,1
2019-01-15-Odoo.md,2019,1,15,Odoo,takedown,1
2019-01-15-OfferUp.md,2019,1,15,OfferUp,takedown,1
2019-01-16-EVP.md,2019,1,16,EVP,takedown,1
2019-01-16-Fiverr.md,2019,1,16,Fiverr,takedown,3
2019-01-16-HIKVISION.md,2019,1,16,HIKVISION,takedown,4
2019-01-16-Hachette.md,2019,1,16,Hachette,takedown,1
2019-01-16-InspireUI.md,2019,1,16,InspireUI,takedown,1
2019-01-16-JavaConnector.md,2019,1,16,JavaConnector,takedown,3
2019-01-16-Nexon.md,2019,1,16,Nexon,takedown,1
2019-01-16-OSTEP.md,2019,1,16,OSTEP,takedown,9
2019-01-16-Pearson.md,2019,1,16,Pearson,takedown,1
2019-01-16-PointZero.md,2019,1,16,PointZero,takedown,1
2019-01-16-Solenxia-hub-core.md,2019,1,16,Solenxia-hub-core,takedown,1
2019-01-16-StereoArts.md,2019,1,16,StereoArts,takedown,2
2019-01-16-TheRealm.md,2019,1,16,TheRealm,takedown,2
2019-01-16-Wipro.md,2019,1,16,Wipro,takedown,3
2019-01-16-Xfyun.md,2019,1,16,Xfyun,takedown,3
2019-01-16-longrise-2.md,2019,1,16,longrise-2,takedown,1
2019-01-16-longrise.md,2019,1,16,longrise,takedown,1
2019-01-16-ziggurat.md,2019,1,16,ziggurat,takedown,1
2019-01-17-Aspnet.md,2019,1,17,Aspnet,takedown,23
2019-01-17-Attributor.md,2019,1,17,Attributor,takedown,1
2019-01-17-FHAdmin.md,2019,1,17,FHAdmin,takedown,3
2019-01-17-Planarslam.md,2019,1,17,Planarslam,takedown,2
2019-01-17-VMEI.md,2019,1,17,VMEI,takedown,1
2019-01-17-longrise-3.md,2019,1,17,longrise-3,takedown,1
2019-01-17-zhub.md,2019,1,17,zhub,takedown,1
2019-01-18-1800Flowers.md,2019,1,18,1800Flowers,takedown,17
2019-01-18-AppleCAM.md,2019,1,18,AppleCAM,takedown,1
2019-01-18-EKP.md,2019,1,18,EKP,takedown,1
2019-01-18-FaceGo.md,2019,1,18,FaceGo,takedown,1
2019-01-18-Fortnite.md,2019,1,18,Fortnite,takedown,3
2019-01-18-GM.md,2019,1,18,GM,takedown,1
2019-01-18-Kingsoft.md,2019,1,18,Kingsoft,takedown,1
2019-01-18-NTT-DOCOMO.md,2019,1,18,NTT-DOCOMO,takedown,1
2019-01-18-RogueWave.md,2019,1,18,RogueWave,takedown,1
2019-01-18-Workarea.md,2019,1,18,Workarea,takedown,1
2019-01-21-cprimerplus.md,2019,1,21,cprimerplus,takedown,1
2019-01-21-fcmb.md,2019,1,21,fcmb,takedown,3
2019-01-21-filtermaps.md,2019,1,21,filtermaps,takedown,1
2019-01-21-yworks.md,2019,1,21,yworks,takedown,1
2019-01-22-CambridgeIntelligence.md,2019,1,22,CambridgeIntelligence,takedown,1
2019-01-22-MercadoLibre.md,2019,1,22,MercadoLibre,takedown,3
2019-01-22-TechSmith.md,2019,1,22,TechSmith,takedown,1
2019-01-22-yworks-2.md,2019,1,22,yworks-2,takedown,1
2019-01-22-yworks-3.md,2019,1,22,yworks-3,takedown,1
2019-01-22-yworks-4.md,2019,1,22,yworks-4,takedown,1
2019-01-22-yworks-5.md,2019,1,22,yworks-5,takedown,1
2019-01-22-yworks.md,2019,1,22,yworks,takedown,1
2019-01-23-Amazon.md,2019,1,23,Amazon,takedown,4
2019-01-23-BigPlan.md,2019,1,23,BigPlan,takedown,2
2019-01-23-Freecharge.md,2019,1,23,Freecharge,takedown,7
2019-01-23-Hachette.md,2019,1,23,Hachette,takedown,1
2019-01-23-Handsome.md,2019,1,23,Handsome,takedown,51
2019-01-23-Linuxin5days.md,2019,1,23,Linuxin5days,takedown,295
2019-01-23-Longrise-2.md,2019,1,23,Longrise-2,takedown,1
2019-01-23-ProfessorMesser.md,2019,1,23,ProfessorMesser,takedown,1
2019-01-23-Rboy-2.md,2019,1,23,Rboy-2,takedown,9
2019-01-23-Rboy.md,2019,1,23,Rboy,takedown,1
2019-01-23-SXMaps.md,2019,1,23,SXMaps,takedown,1
2019-01-23-Taiko.md,2019,1,23,Taiko,takedown,1
2019-01-23-Volosoft.md,2019,1,23,Volosoft,takedown,2
2019-01-23-ZHub.md,2019,1,23,ZHub,takedown,1
2019-01-23-cloudwalk.md,2019,1,23,cloudwalk,takedown,1
2019-01-23-mailforge.md,2019,1,23,mailforge,takedown,1
2019-01-24-Bryxen.md,2019,1,24,Bryxen,takedown,1
2019-01-24-Nexon.md,2019,1,24,Nexon,takedown,8
2019-01-24-wildstar.md,2019,1,24,wildstar,takedown,1
2019-01-25-FHAdmin.md,2019,1,25,FHAdmin,takedown,6
2019-01-25-ammyy.md,2019,1,25,ammyy,takedown,1
2019-01-28-Amazon.md,2019,1,28,Amazon,takedown,8
2019-01-28-Avanan.md,2019,1,28,Avanan,takedown,1
2019-01-28-Dolby.md,2019,1,28,Dolby,takedown,2
2019-01-28-OffensiveSecurity.md,2019,1,28,OffensiveSecurity,takedown,1
2019-01-28-Packt.md,2019,1,28,Packt,takedown,60
2019-01-28-Pearson-2.md,2019,1,28,Pearson-2,takedown,1
2019-01-28-Pearson.md,2019,1,28,Pearson,takedown,1
2019-01-28-Reuters.md,2019,1,28,Reuters,takedown,1
2019-01-28-SmartThings.md,2019,1,28,SmartThings,takedown,1
2019-01-28-Testdome.md,2019,1,28,Testdome,takedown,1
2019-01-28-Zwibbler.md,2019,1,28,Zwibbler,takedown,5
2019-01-28-longrise.md,2019,1,28,longrise,takedown,1
2019-01-28-skypool.md,2019,1,28,skypool,takedown,1
2019-01-28-sso.md,2019,1,28,sso,takedown,4
2019-01-28-yWorks-2.md,2019,1,28,yWorks-2,takedown,1
2019-01-28-yWorks-3.md,2019,1,28,yWorks-3,takedown,1
2019-01-28-yWorks.md,2019,1,28,yWorks,takedown,1
2019-01-29-Maverick.md,2019,1,29,Maverick,takedown,1
2019-01-29-OnTheGoSystems.md,2019,1,29,OnTheGoSystems,takedown,1
2019-01-29-Taiko-CounterNotice.md,2019,1,29,Taiko-CounterNotice,counternotice,1
2019-01-29-Terraria.md,2019,1,29,Terraria,takedown,80
2019-01-29-wildstar-CounterNotice.md,2019,1,29,wildstar-CounterNotice,counternotice,1
2019-01-30-EasyAdmin.md,2019,1,30,EasyAdmin,takedown,3
2019-01-30-Skypool-CounterNotice.md,2019,1,30,Skypool-CounterNotice,counternotice,2
2019-01-30-caffeee-app.md,2019,1,30,caffeee-app,takedown,1
2019-01-30-okapi.md,2019,1,30,okapi,takedown,2
2019-01-30-pearson-2.md,2019,1,30,pearson-2,takedown,1
2019-01-30-pearson.md,2019,1,30,pearson,takedown,1
2019-01-30-weekendesk.md,2019,1,30,weekendesk,takedown,1
2019-01-30-work-isvwh.md,2019,1,30,work-isvwh,takedown,1
2019-01-30-yworks.md,2019,1,30,yworks,takedown,1
2019-01-30-zengxin8.md,2019,1,30,zengxin8,takedown,1
2019-01-31-HololensShoulderPack.md,2019,1,31,HololensShoulderPack,takedown,1
2019-01-31-MCDataPlus.md,2019,1,31,MCDataPlus,takedown,4
2019-01-31-Merck.md,2019,1,31,Merck,takedown,1
2019-01-31-Qualcomm.md,2019,1,31,Qualcomm,takedown,5
2019-01-31-UniFocus.md,2019,1,31,UniFocus,takedown,1
2019-01-31-Webkul-1.md,2019,1,31,Webkul-1,takedown,1
2019-01-31-Webkul-2.md,2019,1,31,Webkul-2,takedown,2
2019-01-31-Webkul-3.md,2019,1,31,Webkul-3,takedown,2
2019-01-31-Webkul-4.md,2019,1,31,Webkul-4,takedown,2
2019-01-31-Webkul-5.md,2019,1,31,Webkul-5,takedown,2
2019-01-31-Webkul.md,2019,1,31,Webkul,takedown,2
2019-01-31-gomeholdings.md,2019,1,31,gomeholdings,takedown,2
2019-01-31-laraclassified.md,2019,1,31,laraclassified,takedown,1
2019-01-31-node-es6-request.md,2019,1,31,node-es6-request,takedown,2
2019-02-01-longrise-10.md,2019,2,1,longrise-10,takedown,1
2019-02-01-longrise-11.md,2019,2,1,longrise-11,takedown,1
2019-02-01-longrise-12.md,2019,2,1,longrise-12,takedown,1
2019-02-01-longrise-13.md,2019,2,1,longrise-13,takedown,1
2019-02-01-longrise-14.md,2019,2,1,longrise-14,takedown,1
2019-02-01-longrise-2.md,2019,2,1,longrise-2,takedown,1
2019-02-01-longrise-3.md,2019,2,1,longrise-3,takedown,1
2019-02-01-longrise-4.md,2019,2,1,longrise-4,takedown,1
2019-02-01-longrise-5.md,2019,2,1,longrise-5,takedown,1
2019-02-01-longrise-6.md,2019,2,1,longrise-6,takedown,1
2019-02-01-longrise-7.md,2019,2,1,longrise-7,takedown,1
2019-02-01-longrise-8.md,2019,2,1,longrise-8,takedown,1
2019-02-01-longrise-9.md,2019,2,1,longrise-9,takedown,1
2019-02-01-longrise.md,2019,2,1,longrise,takedown,1
2019-02-01-synopsys.md,2019,2,1,synopsys,takedown,12
2019-02-01-uhcgrounds.md,2019,2,1,uhcgrounds,takedown,1
2019-02-04-Hachette.md,2019,2,4,Hachette,takedown,1
2019-02-04-Pearson.md,2019,2,4,Pearson,takedown,2
2019-02-04-Ragnarok-CounterNotice.md,2019,2,4,Ragnarok-CounterNotice,counternotice,2
2019-02-04-Rboy.md,2019,2,4,Rboy,takedown,1
2019-02-04-SVB.md,2019,2,4,SVB,takedown,1
2019-02-05-Nexon.md,2019,2,5,Nexon,takedown,1
2019-02-05-Webkul.md,2019,2,5,Webkul,takedown,14
2019-02-05-donutteam.md,2019,2,5,donutteam,takedown,1
2019-02-05-finarp.md,2019,2,5,finarp,takedown,6
2019-02-05-multimediallc.md,2019,2,5,multimediallc,takedown,25
2019-02-05-taiko-web.md,2019,2,5,taiko-web,takedown,144
2019-02-06-Donuts.md,2019,2,6,Donuts,takedown,4
2019-02-06-Pearson.md,2019,2,6,Pearson,takedown,1
2019-02-06-cnsuning.md,2019,2,6,cnsuning,takedown,1
2019-02-06-mobicraft.md,2019,2,6,mobicraft,takedown,1
2019-02-07-LearnPythonTheHardWay.md,2019,2,7,LearnPythonTheHardWay,takedown,1
2019-02-07-OffensiveSecurity-2.md,2019,2,7,OffensiveSecurity-2,takedown,3
2019-02-07-OffensiveSecurity.md,2019,2,7,OffensiveSecurity,takedown,2
2019-02-07-jd.md,2019,2,7,jd,takedown,1
2019-02-07-snapwiz.md,2019,2,7,snapwiz,takedown,2
2019-02-07-talha.md,2019,2,7,talha,takedown,1
2019-02-07-yworks.md,2019,2,7,yworks,takedown,1
2019-02-08-Nexon.md,2019,2,8,Nexon,takedown,9
2019-02-11-Apollo.md,2019,2,11,Apollo,takedown,1
2019-02-11-codility.md,2019,2,11,codility,takedown,1
2019-02-12-ADP-2.md,2019,2,12,ADP-2,takedown,2
2019-02-12-ADP.md,2019,2,12,ADP,takedown,1
2019-02-12-Ableton.md,2019,2,12,Ableton,takedown,1
2019-02-12-Codility.md,2019,2,12,Codility,takedown,1
2019-02-12-Font-Awesome.md,2019,2,12,Font-Awesome,takedown,58
2019-02-12-HQFire.md,2019,2,12,HQFire,takedown,1
2019-02-12-Stereoarts.md,2019,2,12,Stereoarts,takedown,3
2019-02-12-Undertale.md,2019,2,12,Undertale,takedown,1
2019-02-12-Xigncode.md,2019,2,12,Xigncode,takedown,3
2019-02-12-Zwibbler.md,2019,2,12,Zwibbler,takedown,6
2019-02-12-dmm.md,2019,2,12,dmm,takedown,1
2019-02-13-Codility-2.md,2019,2,13,Codility-2,takedown,1
2019-02-13-Codility.md,2019,2,13,Codility,takedown,1
2019-02-13-Pearson.md,2019,2,13,Pearson,takedown,1
2019-02-14-Ascend.md,2019,2,14,Ascend,takedown,1
2019-02-14-NewRailAlphabet.md,2019,2,14,NewRailAlphabet,takedown,1
2019-02-14-StrategicCyber.md,2019,2,14,StrategicCyber,takedown,13
2019-02-14-gomeplus.md,2019,2,14,gomeplus,takedown,1
2019-02-15-Amazon.md,2019,2,15,Amazon,takedown,3
2019-02-15-Onsist.md,2019,2,15,Onsist,takedown,4
2019-02-18-Donuts.md,2019,2,18,Donuts,takedown,1
2019-02-18-logoxnet.md,2019,2,18,logoxnet,takedown,1
2019-02-18-sun1ng.md,2019,2,18,sun1ng,takedown,8
2019-02-19-Codility-2.md,2019,2,19,Codility-2,takedown,3
2019-02-19-Codility.md,2019,2,19,Codility,takedown,1
2019-02-19-DL4CV.md,2019,2,19,DL4CV,takedown,4
2019-02-19-Odoo.md,2019,2,19,Odoo,takedown,10
2019-02-19-Qualcomm.md,2019,2,19,Qualcomm,takedown,16
2019-02-19-Scribd.md,2019,2,19,Scribd,takedown,1
2019-02-19-littlestream.md,2019,2,19,littlestream,takedown,1
2019-02-20-OMiCheck.md,2019,2,20,OMiCheck,takedown,1
2019-02-20-SquareTrade.md,2019,2,20,SquareTrade,takedown,2
2019-02-20-UniversityOfToronto.md,2019,2,20,UniversityOfToronto,takedown,1
2019-02-20-bluetoothle.md,2019,2,20,bluetoothle,takedown,1
2019-02-20-clab.md,2019,2,20,clab,takedown,1
2019-02-20-pearson.md,2019,2,20,pearson,takedown,1
2019-02-20-sensetime.md,2019,2,20,sensetime,takedown,2
2019-02-21-Ableton-CounterNotice.md,2019,2,21,Ableton-CounterNotice,counternotice,1
2019-02-21-BIT.md,2019,2,21,BIT,takedown,6
2019-02-21-Codility.md,2019,2,21,Codility,takedown,108
2019-02-21-Fiori.md,2019,2,21,Fiori,takedown,1
2019-02-21-HQfire.md,2019,2,21,HQfire,takedown,1
2019-02-21-Lazada.md,2019,2,21,Lazada,takedown,1
2019-02-21-Penguin.md,2019,2,21,Penguin,takedown,2
2019-02-21-Sensetime.md,2019,2,21,Sensetime,takedown,4
2019-02-21-Swifter.md,2019,2,21,Swifter,takedown,317
2019-02-21-Terraria-CounterNotice.md,2019,2,21,Terraria-CounterNotice,counternotice,1
2019-02-21-pearson.md,2019,2,21,pearson,takedown,1
2019-02-22-FastRetailing.md,2019,2,22,FastRetailing,takedown,1
2019-02-22-PostCHLtd-2.md,2019,2,22,PostCHLtd-2,takedown,1
2019-02-22-PostCHLtd.md,2019,2,22,PostCHLtd,takedown,1
2019-02-22-telerikui.md,2019,2,22,telerikui,takedown,1
2019-02-22-tillster.md,2019,2,22,tillster,takedown,1
2019-02-25-BMO-2.md,2019,2,25,BMO-2,takedown,1
2019-02-25-BMO.md,2019,2,25,BMO,takedown,1
2019-02-25-IKM.md,2019,2,25,IKM,takedown,5
2019-02-25-Packt.md,2019,2,25,Packt,takedown,1
2019-02-25-Pearson.md,2019,2,25,Pearson,takedown,1
2019-02-25-Qualcomm.md,2019,2,25,Qualcomm,takedown,1
2019-02-25-Sanoma.md,2019,2,25,Sanoma,takedown,1
2019-02-25-longrise.md,2019,2,25,longrise,takedown,14
2019-02-25-wellbia.md,2019,2,25,wellbia,takedown,12
2019-02-25-yWorks.md,2019,2,25,yWorks,takedown,1
2019-02-26-ICS440.md,2019,2,26,ICS440,takedown,4
2019-02-26-TextNow.md,2019,2,26,TextNow,takedown,14
2019-02-26-fontsmith.md,2019,2,26,fontsmith,takedown,134
2019-02-27-Arcaea.md,2019,2,27,Arcaea,takedown,1
2019-02-27-Askama.md,2019,2,27,Askama,takedown,2
2019-02-27-Cisco.md,2019,2,27,Cisco,takedown,2
2019-02-27-Intranet.md,2019,2,27,Intranet,takedown,1
2019-02-27-PostCHLtd.md,2019,2,27,PostCHLtd,takedown,9
2019-02-27-ajtek.md,2019,2,27,ajtek,takedown,1
2019-02-28-Adobe.md,2019,2,28,Adobe,takedown,2
2019-02-28-CaveRunner.md,2019,2,28,CaveRunner,takedown,1
2019-02-28-DeepThoughts.md,2019,2,28,DeepThoughts,takedown,2
2019-02-28-Discovery.md,2019,2,28,Discovery,takedown,1
2019-02-28-FCMB.md,2019,2,28,FCMB,takedown,1
2019-02-28-Ingeus.md,2019,2,28,Ingeus,takedown,1
2019-02-28-RythmBot.md,2019,2,28,RythmBot,takedown,3
2019-02-28-SunnyByte.md,2019,2,28,SunnyByte,takedown,1
2019-02-28-prominentcolor.md,2019,2,28,prominentcolor,takedown,2
2019-02-28-saffron.md,2019,2,28,saffron,takedown,2
2019-03-01-infistar.md,2019,3,1,infistar,takedown,1
2019-03-04-AscendLearning.md,2019,3,4,AscendLearning,takedown,1
2019-03-04-Codility.md,2019,3,4,Codility,takedown,1
2019-03-04-CrackingtheCoding-10.md,2019,3,4,CrackingtheCoding-10,takedown,87
2019-03-04-CrackingtheCoding-11.md,2019,3,4,CrackingtheCoding-11,takedown,30
2019-03-04-CrackingtheCoding-2.md,2019,3,4,CrackingtheCoding-2,takedown,11
2019-03-04-CrackingtheCoding-3.md,2019,3,4,CrackingtheCoding-3,takedown,7
2019-03-04-CrackingtheCoding-4.md,2019,3,4,CrackingtheCoding-4,takedown,1
2019-03-04-CrackingtheCoding-5.md,2019,3,4,CrackingtheCoding-5,takedown,1
2019-03-04-CrackingtheCoding-6.md,2019,3,4,CrackingtheCoding-6,takedown,32
2019-03-04-CrackingtheCoding-7.md,2019,3,4,CrackingtheCoding-7,takedown,1
2019-03-04-CrackingtheCoding-8.md,2019,3,4,CrackingtheCoding-8,takedown,2
2019-03-04-CrackingtheCoding-9.md,2019,3,4,CrackingtheCoding-9,takedown,2
2019-03-04-CrackingtheCoding.md,2019,3,4,CrackingtheCoding,takedown,427
2019-03-04-Nielsen.md,2019,3,4,Nielsen,takedown,1
2019-03-04-WHMCS.md,2019,3,4,WHMCS,takedown,1
2019-03-04-designerpages.md,2019,3,4,designerpages,takedown,1
2019-03-05-CrackingtheCode-4.md,2019,3,5,CrackingtheCode-4,takedown,1
2019-03-05-CrackingtheCode-5.md,2019,3,5,CrackingtheCode-5,takedown,1
2019-03-05-CrackingtheCoding-2.md,2019,3,5,CrackingtheCoding-2,takedown,4
2019-03-05-CrackingtheCoding-3.md,2019,3,5,CrackingtheCoding-3,takedown,62
2019-03-05-CrackingtheCoding.md,2019,3,5,CrackingtheCoding,takedown,24
2019-03-05-WindowsSpyBlocker.md,2019,3,5,WindowsSpyBlocker,takedown,4
2019-03-05-techmahindra.md,2019,3,5,techmahindra,takedown,3
2019-03-05-yworks-2.md,2019,3,5,yworks-2,takedown,1
2019-03-05-yworks-3.md,2019,3,5,yworks-3,takedown,1
2019-03-05-yworks-4.md,2019,3,5,yworks-4,takedown,1
2019-03-05-yworks-5.md,2019,3,5,yworks-5,takedown,1
2019-03-05-yworks.md,2019,3,5,yworks,takedown,1
2019-03-06-CrackingtheCode-2.md,2019,3,6,CrackingtheCode-2,takedown,1
2019-03-06-CrackingtheCode-3.md,2019,3,6,CrackingtheCode-3,takedown,1
2019-03-06-CrackingtheCode.md,2019,3,6,CrackingtheCode,takedown,1
2019-03-06-OptumSoft.md,2019,3,6,OptumSoft,takedown,1
2019-03-06-fakku.md,2019,3,6,fakku,takedown,1
2019-03-07-CallScreening.md,2019,3,7,CallScreening,takedown,2
2019-03-07-CobaltStrike.md,2019,3,7,CobaltStrike,takedown,18
2019-03-07-Codility.md,2019,3,7,Codility,takedown,2
2019-03-07-CrispThinking.md,2019,3,7,CrispThinking,takedown,1
2019-03-07-DXC.md,2019,3,7,DXC,takedown,1
2019-03-07-GoDog.md,2019,3,7,GoDog,takedown,2
2019-03-07-Goldleaf.md,2019,3,7,Goldleaf,takedown,3
2019-03-07-Oxford.md,2019,3,7,Oxford,takedown,1
2019-03-07-Rocrail.md,2019,3,7,Rocrail,takedown,3
2019-03-07-Rythmbot.md,2019,3,7,Rythmbot,takedown,3
2019-03-07-SiamBooks.md,2019,3,7,SiamBooks,takedown,1
2019-03-07-Symantec.md,2019,3,7,Symantec,takedown,1
2019-03-07-UniBorg.md,2019,3,7,UniBorg,takedown,2
2019-03-07-yFiles.md,2019,3,7,yFiles,takedown,1
2019-03-07-yfiles-2.md,2019,3,7,yfiles-2,takedown,1
2019-03-07-yfiles-3.md,2019,3,7,yfiles-3,takedown,1
2019-03-08-Clustering.md,2019,3,8,Clustering,takedown,2
2019-03-08-EpicGames.md,2019,3,8,EpicGames,takedown,1
2019-03-08-Infistar-CounterNotice.md,2019,3,8,Infistar-CounterNotice,counternotice,1
2019-03-08-Rocrail-CounterNotice.md,2019,3,8,Rocrail-CounterNotice,counternotice,1
2019-03-08-SenseTime.md,2019,3,8,SenseTime,takedown,2
2019-03-11-MosaicSolutions.md,2019,3,11,MosaicSolutions,takedown,1
2019-03-11-Warbird-2.md,2019,3,11,Warbird-2,takedown,1
2019-03-11-Warbird.md,2019,3,11,Warbird,takedown,5
2019-03-12-Codility.md,2019,3,12,Codility,takedown,1
2019-03-12-Pearson-2.md,2019,3,12,Pearson-2,takedown,1
2019-03-12-Pearson.md,2019,3,12,Pearson,takedown,1
2019-03-13-73lines.md,2019,3,13,73lines,takedown,7
2019-03-13-Blasty-2.md,2019,3,13,Blasty-2,takedown,3
2019-03-13-Blasty-3.md,2019,3,13,Blasty-3,takedown,1
2019-03-13-Blasty.md,2019,3,13,Blasty,takedown,1
2019-03-13-Codility.md,2019,3,13,Codility,takedown,4
2019-03-13-Pearson.md,2019,3,13,Pearson,takedown,1
2019-03-14-Consolas.md,2019,3,14,Consolas,takedown,13
2019-03-14-Microsoft.md,2019,3,14,Microsoft,takedown,5
2019-03-14-MoreMountains.md,2019,3,14,MoreMountains,takedown,30
2019-03-14-ensylog.md,2019,3,14,ensylog,takedown,1
2019-03-15-Goldleaf-CounterNotice.md,2019,3,15,Goldleaf-CounterNotice,counternotice,2
2019-03-15-Warbird.md,2019,3,15,Warbird,takedown,2
2019-03-18-Agar.md,2019,3,18,Agar,takedown,1
2019-03-18-BMO.md,2019,3,18,BMO,takedown,1
2019-03-18-SenseTime-2.md,2019,3,18,SenseTime-2,takedown,3
2019-03-18-SenseTime-3.md,2019,3,18,SenseTime-3,takedown,1
2019-03-18-SenseTime-4.md,2019,3,18,SenseTime-4,takedown,2
2019-03-18-SenseTime.md,2019,3,18,SenseTime,takedown,2
2019-03-19-73lines.md,2019,3,19,73lines,takedown,4
2019-03-19-BMO.md,2019,3,19,BMO,takedown,1
2019-03-19-BTFM.md,2019,3,19,BTFM,takedown,3
2019-03-19-CKs-FilterList-Mirror.md,2019,3,19,CKs-FilterList-Mirror,takedown,7
2019-03-19-CVTemplate.md,2019,3,19,CVTemplate,takedown,1
2019-03-19-CapitalOne-2.md,2019,3,19,CapitalOne-2,takedown,1
2019-03-19-CapitalOne.md,2019,3,19,CapitalOne,takedown,1
2019-03-19-ComS.md,2019,3,19,ComS,takedown,1
2019-03-19-Fontsmith.md,2019,3,19,Fontsmith,takedown,265
2019-03-19-JetBrains.md,2019,3,19,JetBrains,takedown,57
2019-03-19-OneTravel.md,2019,3,19,OneTravel,takedown,1
2019-03-19-Rightblaster.md,2019,3,19,Rightblaster,takedown,1
2019-03-19-UniversityOfToronto.md,2019,3,19,UniversityOfToronto,takedown,34
2019-03-20-ChinaUnionpayData.md,2019,3,20,ChinaUnionpayData,takedown,2
2019-03-20-ContentViews.md,2019,3,20,ContentViews,takedown,3
2019-03-20-FHAdmin.md,2019,3,20,FHAdmin,takedown,1
2019-03-20-GeoPOS.md,2019,3,20,GeoPOS,takedown,1
2019-03-20-MaterialX.md,2019,3,20,MaterialX,takedown,22
2019-03-20-OffSec.md,2019,3,20,OffSec,takedown,1
2019-03-20-SiliconLabs.md,2019,3,20,SiliconLabs,takedown,1
2019-03-20-Spinify.md,2019,3,20,Spinify,takedown,2
2019-03-20-ajtek.md,2019,3,20,ajtek,takedown,1
2019-03-21-Cadence-2.md,2019,3,21,Cadence-2,takedown,1
2019-03-21-Cadence-3.md,2019,3,21,Cadence-3,takedown,1
2019-03-21-Cadence.md,2019,3,21,Cadence,takedown,1
2019-03-21-Hyper.md,2019,3,21,Hyper,takedown,2
2019-03-21-Springer.md,2019,3,21,Springer,takedown,1
2019-03-21-TivaFont.md,2019,3,21,TivaFont,takedown,5
2019-03-21-ams.md,2019,3,21,ams,takedown,1
2019-03-21-siambooks-2.md,2019,3,21,siambooks-2,takedown,1
2019-03-21-siambooks.md,2019,3,21,siambooks,takedown,1
2019-03-22-73lines-CounterNotice.md,2019,3,22,73lines-CounterNotice,counternotice,3
2019-03-22-HCF.md,2019,3,22,HCF,takedown,1
2019-03-22-PSP.md,2019,3,22,PSP,takedown,2
2019-03-22-PayPal.md,2019,3,22,PayPal,takedown,1
2019-03-22-SiliconLabs.md,2019,3,22,SiliconLabs,takedown,1
2019-03-22-UCLA.md,2019,3,22,UCLA,takedown,1
2019-03-22-Windows.md,2019,3,22,Windows,takedown,1
2019-03-25-InspireUI.md,2019,3,25,InspireUI,takedown,13
2019-03-25-PayPal.md,2019,3,25,PayPal,takedown,1
2019-03-25-SilentStepStick.md,2019,3,25,SilentStepStick,takedown,3
2019-03-25-SloppyIO.md,2019,3,25,SloppyIO,takedown,1
2019-03-25-WindRiverSystems.md,2019,3,25,WindRiverSystems,takedown,1
2019-03-25-peachfuzzer.md,2019,3,25,peachfuzzer,takedown,3
2019-03-26-Bitrix.md,2019,3,26,Bitrix,takedown,2
2019-03-26-HDFC-2.md,2019,3,26,HDFC-2,takedown,1
2019-03-26-HDFC-3.md,2019,3,26,HDFC-3,takedown,1
2019-03-26-HDFC.md,2019,3,26,HDFC,takedown,1
2019-03-26-ICS_SCAN.md,2019,3,26,ICS_SCAN,takedown,15
2019-03-26-MetaQuotes.md,2019,3,26,MetaQuotes,takedown,9
2019-03-26-blackknight.md,2019,3,26,blackknight,takedown,1
2019-03-26-codecanyon.md,2019,3,26,codecanyon,takedown,5
2019-03-26-hashbuster.md,2019,3,26,hashbuster,takedown,2
2019-03-26-neslite.md,2019,3,26,neslite,takedown,1
2019-03-26-qualcomm.md,2019,3,26,qualcomm,takedown,11
2019-03-26-securoteck.md,2019,3,26,securoteck,takedown,1
2019-03-27-Ascent.md,2019,3,27,Ascent,takedown,1
2019-03-27-Docker.md,2019,3,27,Docker,takedown,1
2019-03-27-FreeRangeWiFi.md,2019,3,27,FreeRangeWiFi,takedown,5
2019-03-27-ICS_SCAN.md,2019,3,27,ICS_SCAN,takedown,3
2019-03-27-Mobikul.md,2019,3,27,Mobikul,takedown,1
2019-03-27-PayTM.md,2019,3,27,PayTM,takedown,1
2019-03-27-RythmBot.md,2019,3,27,RythmBot,takedown,1
2019-03-27-Stereoarts.md,2019,3,27,Stereoarts,takedown,5
2019-03-27-TivaFont-CounterNotice.md,2019,3,27,TivaFont-CounterNotice,counternotice,1
2019-03-27-Webkul.md,2019,3,27,Webkul,takedown,1
2019-03-27-crcpress.md,2019,3,27,crcpress,takedown,1
2019-03-27-crea8social.md,2019,3,27,crea8social,takedown,2
2019-03-28-Accenture.md,2019,3,28,Accenture,takedown,1
2019-03-28-CobaltStrike.md,2019,3,28,CobaltStrike,takedown,5
2019-03-28-GhentUniversity.md,2019,3,28,GhentUniversity,takedown,3
2019-03-28-TivaFont-CounterNotice.md,2019,3,28,TivaFont-CounterNotice,counternotice,1
2019-03-28-iCan.md,2019,3,28,iCan,takedown,3
2019-03-29-ablesafety-eparrponline.md,2019,3,29,ablesafety-eparrponline,takedown,2
2019-03-29-colesgroup.md,2019,3,29,colesgroup,takedown,1
2019-03-29-dappleairdrops.md,2019,3,29,dappleairdrops,takedown,1
2019-03-29-javadesign.md,2019,3,29,javadesign,takedown,35
2019-03-29-primefaces-2.md,2019,3,29,primefaces-2,takedown,5
2019-03-29-primefaces-3.md,2019,3,29,primefaces-3,takedown,8
2019-03-29-primefaces-4.md,2019,3,29,primefaces-4,takedown,1
2019-03-29-primefaces.md,2019,3,29,primefaces,takedown,1
2019-04-01-Ascend.md,2019,4,1,Ascend,takedown,1
2019-04-01-PayPal.md,2019,4,1,PayPal,takedown,1
2019-04-01-Pearson.md,2019,4,1,Pearson,takedown,1
2019-04-01-SenseTime.md,2019,4,1,SenseTime,takedown,2
2019-04-01-TurtlePay.md,2019,4,1,TurtlePay,takedown,20
2019-04-01-YGSOFT.md,2019,4,1,YGSOFT,takedown,1
2019-04-01-cleanmymac.md,2019,4,1,cleanmymac,takedown,1
2019-04-01-codility.md,2019,4,1,codility,takedown,1
2019-04-01-crea8social.md,2019,4,1,crea8social,takedown,3
2019-04-01-jsonld.md,2019,4,1,jsonld,takedown,1
2019-04-01-vuely.md,2019,4,1,vuely,takedown,1
2019-04-02-Webkul.md,2019,4,2,Webkul,takedown,7
2019-04-02-codility-2.md,2019,4,2,codility-2,takedown,4
2019-04-02-dappleairdrops.md,2019,4,2,dappleairdrops,takedown,1
2019-04-03-Apple.md,2019,4,3,Apple,takedown,1
2019-04-03-Proofpoint.md,2019,4,3,Proofpoint,takedown,3
2019-04-03-Qualcomm.md,2019,4,3,Qualcomm,takedown,7
2019-04-03-dlibfacelandmarkdetector.md,2019,4,3,dlibfacelandmarkdetector,takedown,1
2019-04-03-famousme.md,2019,4,3,famousme,takedown,2
2019-04-03-lswatchdogs.md,2019,4,3,lswatchdogs,takedown,1
2019-04-03-opencvforunity.md,2019,4,3,opencvforunity,takedown,8
2019-04-03-viramate.md,2019,4,3,viramate,takedown,1
2019-04-03-yworks.md,2019,4,3,yworks,takedown,1
2019-04-04-Airbiquity.md,2019,4,4,Airbiquity,takedown,4
2019-04-04-Axiom.md,2019,4,4,Axiom,takedown,1
2019-04-04-BKFS.md,2019,4,4,BKFS,takedown,1
2019-04-04-Codility.md,2019,4,4,Codility,takedown,1
2019-04-04-FHAdmin.md,2019,4,4,FHAdmin,takedown,1
2019-04-04-UW.md,2019,4,4,UW,takedown,2
2019-04-05-ENTP.md,2019,4,5,ENTP,takedown,1
2019-04-05-Pottermore.md,2019,4,5,Pottermore,takedown,1
2019-04-08-Attributor.md,2019,4,8,Attributor,takedown,2
2019-04-08-Cosi.md,2019,4,8,Cosi,takedown,2
2019-04-08-Packt.md,2019,4,8,Packt,takedown,1
2019-04-08-apa.md,2019,4,8,apa,takedown,1
2019-04-08-nordicit.md,2019,4,8,nordicit,takedown,1
2019-04-08-phpSocial.md,2019,4,8,phpSocial,takedown,1
2019-04-08-sfromtool.md,2019,4,8,sfromtool,takedown,1
2019-04-09-Blackknight-CounterNotice.md,2019,4,9,Blackknight-CounterNotice,counternotice,1
2019-04-09-Flux.md,2019,4,9,Flux,takedown,1
2019-04-09-OnlineMe.md,2019,4,9,OnlineMe,takedown,1
2019-04-09-Packt.md,2019,4,9,Packt,takedown,67
2019-04-09-Symantec.md,2019,4,9,Symantec,takedown,1
2019-04-09-arcaea.md,2019,4,9,arcaea,takedown,2
2019-04-10-Burpsuite.md,2019,4,10,Burpsuite,takedown,1
2019-04-10-GPS.md,2019,4,10,GPS,takedown,1
2019-04-10-groovy.md,2019,4,10,groovy,takedown,1
2019-04-10-shimlar.md,2019,4,10,shimlar,takedown,1
2019-04-10-wealthica.md,2019,4,10,wealthica,takedown,1
2019-04-11-Axiom-CounterNotice.md,2019,4,11,Axiom-CounterNotice,counternotice,2
2019-04-11-Huicheng.md,2019,4,11,Huicheng,takedown,1
2019-04-11-MDB.md,2019,4,11,MDB,takedown,7
2019-04-11-UniversityOfToronto.md,2019,4,11,UniversityOfToronto,takedown,1
2019-04-12-Codility.md,2019,4,12,Codility,takedown,1
2019-04-12-Odoo.md,2019,4,12,Odoo,takedown,12
2019-04-12-Shimlar.md,2019,4,12,Shimlar,takedown,1
2019-04-12-ThreatSpy.md,2019,4,12,ThreatSpy,takedown,1
2019-04-15-CapitolTrack.md,2019,4,15,CapitolTrack,takedown,1
2019-04-15-Factset.md,2019,4,15,Factset,takedown,1
2019-04-15-Moviepy.md,2019,4,15,Moviepy,takedown,1
2019-04-15-Sichuan.md,2019,4,15,Sichuan,takedown,1
2019-04-15-afterdark.md,2019,4,15,afterdark,takedown,15
2019-04-15-finarthur.md,2019,4,15,finarthur,takedown,37
2019-04-15-tradingview.md,2019,4,15,tradingview,takedown,1
2019-04-16-OffSec.md,2019,4,16,OffSec,takedown,4
2019-04-16-alpha.md,2019,4,16,alpha,takedown,2
2019-04-16-webkul-2.md,2019,4,16,webkul-2,takedown,1
2019-04-16-webkul-3.md,2019,4,16,webkul-3,takedown,1
2019-04-16-webkul.md,2019,4,16,webkul,takedown,1
2019-04-17-Adobe.md,2019,4,17,Adobe,takedown,1
2019-04-17-Corgi.md,2019,4,17,Corgi,takedown,6
2019-04-17-Jetbrains.md,2019,4,17,Jetbrains,takedown,70
2019-04-17-Odoo.md,2019,4,17,Odoo,takedown,1
2019-04-17-Webkul-3.md,2019,4,17,Webkul-3,takedown,1
2019-04-17-Zed.md,2019,4,17,Zed,takedown,1
2019-04-17-eBay.md,2019,4,17,eBay,takedown,1
2019-04-17-webkul-2.md,2019,4,17,webkul-2,takedown,3
2019-04-17-webkul.md,2019,4,17,webkul,takedown,2
2019-04-18-PersonalDiary.md,2019,4,18,PersonalDiary,takedown,1
2019-04-18-ebay.md,2019,4,18,ebay,takedown,1
2019-04-18-fivem-ui.md,2019,4,18,fivem-ui,takedown,21
2019-04-18-register.md,2019,4,18,register,takedown,1
2019-04-19-hunanshiantech.md,2019,4,19,hunanshiantech,takedown,1
2019-04-23-AudioSteganography.md,2019,4,23,AudioSteganography,takedown,2
2019-04-23-FoundationsMathematics-2.md,2019,4,23,FoundationsMathematics-2,takedown,4
2019-04-23-FoundationsMathematics.md,2019,4,23,FoundationsMathematics,takedown,16
2019-04-23-bilibili.md,2019,4,23,bilibili,takedown,1
2019-04-23-fhadmin.md,2019,4,23,fhadmin,takedown,2
2019-04-23-simpeo.md,2019,4,23,simpeo,takedown,2
2019-04-24-Bilibili.md,2019,4,24,Bilibili,takedown,316
2019-04-24-CambridgeCountiesBank.md,2019,4,24,CambridgeCountiesBank,takedown,1
2019-04-24-CapitolTrack.md,2019,4,24,CapitolTrack,takedown,1
2019-04-24-Root-Me.md,2019,4,24,Root-Me,takedown,19
2019-04-24-bypassingxss.md,2019,4,24,bypassingxss,takedown,2
2019-04-24-gatech.md,2019,4,24,gatech,takedown,5
2019-04-25-BiliBili.md,2019,4,25,BiliBili,takedown,90
2019-04-25-ElasticSearch.md,2019,4,25,ElasticSearch,takedown,25
2019-04-25-FoundationsMathematics.md,2019,4,25,FoundationsMathematics,takedown,2
2019-04-25-Odoo.md,2019,4,25,Odoo,takedown,1
2019-04-25-Quickpen.md,2019,4,25,Quickpen,takedown,1
2019-04-25-Stereoarts.md,2019,4,25,Stereoarts,takedown,3
2019-04-25-rrdloandashboard.md,2019,4,25,rrdloandashboard,takedown,1
2019-04-26-BMO.md,2019,4,26,BMO,takedown,2
2019-04-26-Chuangyin.md,2019,4,26,Chuangyin,takedown,4
2019-04-26-Hongkang.md,2019,4,26,Hongkang,takedown,1
2019-04-26-HunanShianTechnology.md,2019,4,26,HunanShianTechnology,takedown,1
2019-04-26-NetDragon.md,2019,4,26,NetDragon,takedown,3
2019-04-26-SONCE.md,2019,4,26,SONCE,takedown,1
2019-04-26-bilibili.md,2019,4,26,bilibili,takedown,43
2019-04-26-shumei.md,2019,4,26,shumei,takedown,3
2019-04-29-Fenla.md,2019,4,29,Fenla,takedown,1
2019-04-29-Odoo.md,2019,4,29,Odoo,takedown,1
2019-04-29-missfresh.md,2019,4,29,missfresh,takedown,1
2019-04-30-Babylon.md,2019,4,30,Babylon,takedown,1
2019-04-30-BiliBili-CounterNotice.md,2019,4,30,BiliBili-CounterNotice,counternotice,1
2019-04-30-Chatbot_CB.md,2019,4,30,Chatbot_CB,takedown,2
2019-04-30-DlibFaceLandmarkDetector.md,2019,4,30,DlibFaceLandmarkDetector,takedown,2
2019-04-30-Dolby.md,2019,4,30,Dolby,takedown,4
2019-04-30-GraduationProject.md,2019,4,30,GraduationProject,takedown,7
2019-04-30-Maca.md,2019,4,30,Maca,takedown,1
2019-04-30-OpenCVForUnity.md,2019,4,30,OpenCVForUnity,takedown,2
2019-04-30-PerfectWorld.md,2019,4,30,PerfectWorld,takedown,2
2019-04-30-Simility.md,2019,4,30,Simility,takedown,3
2019-04-30-WHMCS.md,2019,4,30,WHMCS,takedown,1
2019-04-30-Wellington.md,2019,4,30,Wellington,takedown,1
2019-04-30-bmo.md,2019,4,30,bmo,takedown,1
2019-04-30-efelle.md,2019,4,30,efelle,takedown,1
2019-04-30-gravity.md,2019,4,30,gravity,takedown,2
2019-04-30-icve.md,2019,4,30,icve,takedown,1
2019-04-30-inner-outer.md,2019,4,30,inner-outer,takedown,1
2019-05-01-CTA.md,2019,5,1,CTA,takedown,1
2019-05-01-GalvanizeInc.md,2019,5,1,GalvanizeInc,takedown,29
2019-05-01-Haolai.md,2019,5,1,Haolai,takedown,2
2019-05-01-Oreilly.md,2019,5,1,Oreilly,takedown,215
2019-05-01-arcturus.md,2019,5,1,arcturus,takedown,3
2019-05-01-bilibili.md,2019,5,1,bilibili,takedown,9
2019-05-01-bmo.md,2019,5,1,bmo,takedown,1
2019-05-01-campmessenger.md,2019,5,1,campmessenger,takedown,1
2019-05-01-manning.md,2019,5,1,manning,takedown,1
2019-05-01-maplegit.md,2019,5,1,maplegit,takedown,1
2019-05-02-DLive.md,2019,5,2,DLive,takedown,2
2019-05-02-Insyde.md,2019,5,2,Insyde,takedown,1
2019-05-02-Mesos.md,2019,5,2,Mesos,takedown,1
2019-05-02-bilibili.md,2019,5,2,bilibili,takedown,27
2019-05-02-gbits.md,2019,5,2,gbits,takedown,2
2019-05-02-highperformancejava.md,2019,5,2,highperformancejava,takedown,6
2019-05-02-iboxpay.md,2019,5,2,iboxpay,takedown,2
2019-05-02-lendlease.md,2019,5,2,lendlease,takedown,1
2019-05-02-unityassets.md,2019,5,2,unityassets,takedown,4
2019-05-03-Arcturus-CounterNotice.md,2019,5,3,Arcturus-CounterNotice,counternotice,1
2019-05-03-bypassingxss-CounterNotice.md,2019,5,3,bypassingxss-CounterNotice,counternotice,1
2019-05-06-AMP.md,2019,5,6,AMP,takedown,1
2019-05-06-FiveM.md,2019,5,6,FiveM,takedown,3
2019-05-06-Flywire.md,2019,5,6,Flywire,takedown,1
2019-05-06-HDMI.md,2019,5,6,HDMI,takedown,1
2019-05-06-Pearson.md,2019,5,6,Pearson,takedown,1
2019-05-06-Toshiba.md,2019,5,6,Toshiba,takedown,1
2019-05-06-UniversityOfMaryland.md,2019,5,6,UniversityOfMaryland,takedown,2
2019-05-06-ZOETOP.md,2019,5,6,ZOETOP,takedown,3
2019-05-06-bilibili.md,2019,5,6,bilibili,takedown,1
2019-05-06-cityliferpg.md,2019,5,6,cityliferpg,takedown,1
2019-05-06-quizlet.md,2019,5,6,quizlet,takedown,2
2019-05-07-105.md,2019,5,7,105,takedown,2
2019-05-07-APA.md,2019,5,7,APA,takedown,2
2019-05-07-HarmonicTrading.md,2019,5,7,HarmonicTrading,takedown,1
2019-05-07-Pearson.md,2019,5,7,Pearson,takedown,1
2019-05-07-Platformer.md,2019,5,7,Platformer,takedown,1
2019-05-07-SAMP.md,2019,5,7,SAMP,takedown,5
2019-05-07-SpaceShooter.md,2019,5,7,SpaceShooter,takedown,1
2019-05-07-bilibili.md,2019,5,7,bilibili,takedown,2
2019-05-07-bmo.md,2019,5,7,bmo,takedown,1
2019-05-07-deliverydudes.md,2019,5,7,deliverydudes,takedown,1
2019-05-07-onesky.md,2019,5,7,onesky,takedown,1
2019-05-07-powerapp.md,2019,5,7,powerapp,takedown,1
2019-05-07-shenzhensuishou.md,2019,5,7,shenzhensuishou,takedown,1
2019-05-08-BeijingZhouji.md,2019,5,8,BeijingZhouji,takedown,1
2019-05-08-bmo.md,2019,5,8,bmo,takedown,1
2019-05-08-odoo.md,2019,5,8,odoo,takedown,1
2019-05-08-take2games.md,2019,5,8,take2games,takedown,1
2019-05-09-Hex-Rays.md,2019,5,9,Hex-Rays,takedown,1
2019-05-09-Macmillan.md,2019,5,9,Macmillan,takedown,1
2019-05-09-Pearson.md,2019,5,9,Pearson,takedown,1
2019-05-09-mobikul.md,2019,5,9,mobikul,takedown,3
2019-05-10-EllaMD.md,2019,5,10,EllaMD,takedown,2
2019-05-10-Layui-10.md,2019,5,10,Layui-10,takedown,1
2019-05-10-Layui-11.md,2019,5,10,Layui-11,takedown,1
2019-05-10-Layui-12.md,2019,5,10,Layui-12,takedown,1
2019-05-10-Layui-13.md,2019,5,10,Layui-13,takedown,2
2019-05-10-Layui-14.md,2019,5,10,Layui-14,takedown,1
2019-05-10-Layui-15.md,2019,5,10,Layui-15,takedown,12
2019-05-10-Layui-16.md,2019,5,10,Layui-16,takedown,11
2019-05-10-Layui-17.md,2019,5,10,Layui-17,takedown,1
2019-05-10-Layui-18.md,2019,5,10,Layui-18,takedown,58
2019-05-10-Layui-19.md,2019,5,10,Layui-19,takedown,56
2019-05-10-Layui-2.md,2019,5,10,Layui-2,takedown,1
2019-05-10-Layui-3.md,2019,5,10,Layui-3,takedown,3
2019-05-10-Layui-4.md,2019,5,10,Layui-4,takedown,2
2019-05-10-Layui-5.md,2019,5,10,Layui-5,takedown,1
2019-05-10-Layui-6.md,2019,5,10,Layui-6,takedown,2
2019-05-10-Layui-7.md,2019,5,10,Layui-7,takedown,1
2019-05-10-Layui-8.md,2019,5,10,Layui-8,takedown,1
2019-05-10-Layui-9.md,2019,5,10,Layui-9,takedown,1
2019-05-10-Layui.md,2019,5,10,Layui,takedown,35
2019-05-13-BlockDesigner.md,2019,5,13,BlockDesigner,takedown,1
2019-05-13-GuangzhouYaosha.md,2019,5,13,GuangzhouYaosha,takedown,1
2019-05-13-Hachette.md,2019,5,13,Hachette,takedown,1
2019-05-13-RoyalFlush.md,2019,5,13,RoyalFlush,takedown,1
2019-05-13-SAMP.md,2019,5,13,SAMP,takedown,83
2019-05-13-Santander.md,2019,5,13,Santander,takedown,1
2019-05-13-Sinefil.md,2019,5,13,Sinefil,takedown,1
2019-05-13-arcamens.md,2019,5,13,arcamens,takedown,1
2019-05-13-packtpub.md,2019,5,13,packtpub,takedown,3
2019-05-13-phoenix-and-dragon.md,2019,5,13,phoenix-and-dragon,takedown,1
2019-05-14-CapitalOne.md,2019,5,14,CapitalOne,takedown,1
2019-05-14-EpicGames.md,2019,5,14,EpicGames,takedown,5
2019-05-14-FHAdmin.md,2019,5,14,FHAdmin,takedown,1
2019-05-14-Laraship-2.md,2019,5,14,Laraship-2,takedown,1
2019-05-14-Laraship.md,2019,5,14,Laraship,takedown,1
2019-05-14-SEMrush.md,2019,5,14,SEMrush,takedown,1
2019-05-14-Shipt.md,2019,5,14,Shipt,takedown,1
2019-05-14-ZKSH.md,2019,5,14,ZKSH,takedown,1
2019-05-14-bmo.md,2019,5,14,bmo,takedown,1
2019-05-14-crcpress.md,2019,5,14,crcpress,takedown,3
2019-05-14-optimo.md,2019,5,14,optimo,takedown,1
2019-05-14-pinduoduo.md,2019,5,14,pinduoduo,takedown,2
2019-05-15-arma3.md,2019,5,15,arma3,takedown,1
2019-05-15-uofhull-2.md,2019,5,15,uofhull-2,takedown,1
2019-05-15-uofhull.md,2019,5,15,uofhull,takedown,1
2019-05-16-Daplie.md,2019,5,16,Daplie,takedown,37
2019-05-16-Jetbrains.md,2019,5,16,Jetbrains,takedown,75
2019-05-16-Qualcomm.md,2019,5,16,Qualcomm,takedown,6
2019-05-16-bilibili.md,2019,5,16,bilibili,takedown,20
2019-05-17-FiveM.md,2019,5,17,FiveM,takedown,1
2019-05-17-Metaquotes.md,2019,5,17,Metaquotes,takedown,6
2019-05-17-Paypal.md,2019,5,17,Paypal,takedown,1
2019-05-17-eigpay.md,2019,5,17,eigpay,takedown,3
2019-05-20-YITU.md,2019,5,20,YITU,takedown,1
2019-05-20-amazon.md,2019,5,20,amazon,takedown,1
2019-05-20-busc.md,2019,5,20,busc,takedown,16
2019-05-22-73lines.md,2019,5,22,73lines,takedown,2
2019-05-22-CobaltStrike.md,2019,5,22,CobaltStrike,takedown,12
2019-05-22-Jira.md,2019,5,22,Jira,takedown,1
2019-05-22-Remitano.md,2019,5,22,Remitano,takedown,2
2019-05-22-Testdome.md,2019,5,22,Testdome,takedown,1
2019-05-22-asiainfoCode.md,2019,5,22,asiainfoCode,takedown,9
2019-05-22-megafiers.md,2019,5,22,megafiers,takedown,1
2019-05-22-theeconomist.md,2019,5,22,theeconomist,takedown,1
2019-05-23-Ctrip.md,2019,5,23,Ctrip,takedown,1
2019-05-23-Darebee.md,2019,5,23,Darebee,takedown,1
2019-05-23-FHAdmin-2.md,2019,5,23,FHAdmin-2,takedown,2
2019-05-23-FHAdmin.md,2019,5,23,FHAdmin,takedown,1
2019-05-23-InspireUI.md,2019,5,23,InspireUI,takedown,14
2019-05-23-Mega-Fiers.md,2019,5,23,Mega-Fiers,takedown,1
2019-05-23-Packt.md,2019,5,23,Packt,takedown,18
2019-05-23-Resume.md,2019,5,23,Resume,takedown,1
2019-05-23-Sandhills.md,2019,5,23,Sandhills,takedown,1
2019-05-23-Sitecore.md,2019,5,23,Sitecore,takedown,1
2019-05-23-Toontown.md,2019,5,23,Toontown,takedown,3
2019-05-23-WHMCS.md,2019,5,23,WHMCS,takedown,1
2019-05-23-Wipro.md,2019,5,23,Wipro,takedown,1
2019-05-23-Yaosha.md,2019,5,23,Yaosha,takedown,1
2019-05-23-state-grid.md,2019,5,23,state-grid,takedown,1
2019-05-24-BMO.md,2019,5,24,BMO,takedown,1
2019-05-24-BenuNetworks.md,2019,5,24,BenuNetworks,takedown,1
2019-05-24-FiveM.md,2019,5,24,FiveM,takedown,2
2019-05-24-RealBigTime.md,2019,5,24,RealBigTime,takedown,1
2019-05-24-SportsMarkit.md,2019,5,24,SportsMarkit,takedown,1
2019-05-24-Toshiba.md,2019,5,24,Toshiba,takedown,1
2019-05-24-UniversityOfMaryland.md,2019,5,24,UniversityOfMaryland,takedown,7
2019-05-24-Wolfram-2.md,2019,5,24,Wolfram-2,takedown,2
2019-05-24-Wolfram.md,2019,5,24,Wolfram,takedown,2
2019-05-24-cmpassport.md,2019,5,24,cmpassport,takedown,2
2019-05-24-splunk.md,2019,5,24,splunk,takedown,2
2019-05-28-CommandLineKungFu.md,2019,5,28,CommandLineKungFu,takedown,1
2019-05-28-JPMC.md,2019,5,28,JPMC,takedown,1
2019-05-28-Jetbrains.md,2019,5,28,Jetbrains,takedown,82
2019-05-29-Atlassian.md,2019,5,29,Atlassian,takedown,2
2019-05-29-Decisiv.md,2019,5,29,Decisiv,takedown,9
2019-05-29-FHAdmin.md,2019,5,29,FHAdmin,takedown,1
2019-05-29-SMS.md,2019,5,29,SMS,takedown,1
2019-05-29-article.md,2019,5,29,article,takedown,1
2019-05-29-btfm.md,2019,5,29,btfm,takedown,1
2019-05-29-emiratesnbd.md,2019,5,29,emiratesnbd,takedown,1
2019-05-29-hpinc.md,2019,5,29,hpinc,takedown,1
2019-05-29-zStaff.md,2019,5,29,zStaff,takedown,1
2019-05-30-Cloudscraper.md,2019,5,30,Cloudscraper,takedown,3
2019-05-30-FuturePublishing.md,2019,5,30,FuturePublishing,takedown,2
2019-05-30-GeorgiaTech.md,2019,5,30,GeorgiaTech,takedown,2
2019-05-30-Jeeplus.md,2019,5,30,Jeeplus,takedown,6
2019-05-30-Sneyra.md,2019,5,30,Sneyra,takedown,4
2019-05-30-TDBank.md,2019,5,30,TDBank,takedown,1
2019-05-30-TestDome.md,2019,5,30,TestDome,takedown,1
2019-05-30-UniversityOfMaryland.md,2019,5,30,UniversityOfMaryland,takedown,2
2019-05-30-django-debits.md,2019,5,30,django-debits,takedown,2
2019-05-30-easy-discord-music.md,2019,5,30,easy-discord-music,takedown,2
2019-05-30-fjcomm.md,2019,5,30,fjcomm,takedown,3
2019-05-30-roblox.md,2019,5,30,roblox,takedown,1
2019-06-03-GEBA.md,2019,6,3,GEBA,takedown,1
2019-06-03-GdeiAssistant.md,2019,6,3,GdeiAssistant,takedown,4
2019-06-03-NSFOCUS.md,2019,6,3,NSFOCUS,takedown,2
2019-06-03-PeacefulInvesting.md,2019,6,3,PeacefulInvesting,takedown,1
2019-06-03-Utilities.md,2019,6,3,Utilities,takedown,1
2019-06-03-WeApp.md,2019,6,3,WeApp,takedown,2
2019-06-03-YNPMS.md,2019,6,3,YNPMS,takedown,1
2019-06-03-mall.md,2019,6,3,mall,takedown,5
2019-06-04-Apple-2.md,2019,6,4,Apple-2,takedown,2
2019-06-04-Apple.md,2019,6,4,Apple,takedown,1
2019-06-04-Attributor.md,2019,6,4,Attributor,takedown,1
2019-06-04-Caitong.md,2019,6,4,Caitong,takedown,1
2019-06-04-ChinaConstructionBank.md,2019,6,4,ChinaConstructionBank,takedown,1
2019-06-04-Eksdyne.md,2019,6,4,Eksdyne,takedown,1
2019-06-04-TetherMe.md,2019,6,4,TetherMe,takedown,1
2019-06-04-TextNow.md,2019,6,4,TextNow,takedown,1
2019-06-04-TimaNetworks.md,2019,6,4,TimaNetworks,takedown,1
2019-06-04-VES.md,2019,6,4,VES,takedown,1
2019-06-04-VancouverCommunityNetwork.md,2019,6,4,VancouverCommunityNetwork,takedown,1
2019-06-04-agimat-trading-system.md,2019,6,4,agimat-trading-system,takedown,2
2019-06-04-free-version.md,2019,6,4,free-version,takedown,1
2019-06-04-redcore-browser.md,2019,6,4,redcore-browser,takedown,1
2019-06-05-Akamai.md,2019,6,5,Akamai,takedown,1
2019-06-05-Attributor.md,2019,6,5,Attributor,takedown,1
2019-06-05-GitLab.md,2019,6,5,GitLab,takedown,18
2019-06-05-NSFOCUS.md,2019,6,5,NSFOCUS,takedown,1
2019-06-05-SetaPDF.md,2019,6,5,SetaPDF,takedown,1
2019-06-05-botphp-2.md,2019,6,5,botphp-2,takedown,1
2019-06-05-botphp.md,2019,6,5,botphp,takedown,1
2019-06-05-healthi-app.md,2019,6,5,healthi-app,takedown,2
2019-06-06-Amazon.md,2019,6,6,Amazon,takedown,1
2019-06-06-Attributor.md,2019,6,6,Attributor,takedown,1
2019-06-06-Besttone.md,2019,6,6,Besttone,takedown,5
2019-06-06-BlockchainBasics.md,2019,6,6,BlockchainBasics,takedown,4
2019-06-06-Circular.md,2019,6,6,Circular,takedown,1
2019-06-06-Ctrip.md,2019,6,6,Ctrip,takedown,2
2019-06-06-DA.md,2019,6,6,DA,takedown,1
2019-06-06-Hotstar.md,2019,6,6,Hotstar,takedown,1
2019-06-06-Pearson.md,2019,6,6,Pearson,takedown,1
2019-06-06-Pret.md,2019,6,6,Pret,takedown,1
2019-06-06-Ticket.md,2019,6,6,Ticket,takedown,10
2019-06-07-BillyGo.md,2019,6,7,BillyGo,takedown,2
2019-06-07-CapitalOne.md,2019,6,7,CapitalOne,takedown,2
2019-06-07-GdeiAssistant.md,2019,6,7,GdeiAssistant,takedown,1
2019-06-07-HebeiUniversityofTechnology.md,2019,6,7,HebeiUniversityofTechnology,takedown,5
2019-06-07-NSFOCUS.md,2019,6,7,NSFOCUS,takedown,1
2019-06-07-NetApp.md,2019,6,7,NetApp,takedown,1
2019-06-07-StarIndia.md,2019,6,7,StarIndia,takedown,1
2019-06-07-TestDome.md,2019,6,7,TestDome,takedown,1
2019-06-07-django-debits-CounterNotice.md,2019,6,7,django-debits-CounterNotice,counternotice,1
2019-06-07-gempixel-2.md,2019,6,7,gempixel-2,takedown,4
2019-06-07-gempixel.md,2019,6,7,gempixel,takedown,1
2019-06-07-tetherfree.md,2019,6,7,tetherfree,takedown,1
2019-06-10-Apple.md,2019,6,10,Apple,takedown,1
2019-06-10-BMO-CounterNotice.md,2019,6,10,BMO-CounterNotice,counternotice,1
2019-06-10-CapitalOne.md,2019,6,10,CapitalOne,takedown,2
2019-06-10-Eksdyne-CounterNotice.md,2019,6,10,Eksdyne-CounterNotice,counternotice,1
2019-06-10-HP.md,2019,6,10,HP,takedown,1
2019-06-10-SiamBooks.md,2019,6,10,SiamBooks,takedown,2
2019-06-10-Ticket-CounterNotice.md,2019,6,10,Ticket-CounterNotice,counternotice,1
2019-06-10-Webkul-2.md,2019,6,10,Webkul-2,takedown,1
2019-06-10-Webkul-3.md,2019,6,10,Webkul-3,takedown,1
2019-06-10-Webkul.md,2019,6,10,Webkul,takedown,1
2019-06-10-wyvern.md,2019,6,10,wyvern,takedown,1
2019-06-11-Inspection.md,2019,6,11,Inspection,takedown,1
2019-06-11-OfferUp.md,2019,6,11,OfferUp,takedown,1
2019-06-11-Python3.md,2019,6,11,Python3,takedown,2
2019-06-11-TrialBlaze.md,2019,6,11,TrialBlaze,takedown,1
2019-06-11-TrinityCoreBfAPrivate.md,2019,6,11,TrinityCoreBfAPrivate,takedown,1
2019-06-11-besttone.md,2019,6,11,besttone,takedown,3
2019-06-11-eset.md,2019,6,11,eset,takedown,2
2019-06-11-mecfree.md,2019,6,11,mecfree,takedown,1
2019-06-11-nsfocus.md,2019,6,11,nsfocus,takedown,1
2019-06-11-synergy.md,2019,6,11,synergy,takedown,1
2019-06-11-webkul-2.md,2019,6,11,webkul-2,takedown,1
2019-06-11-webkul-3.md,2019,6,11,webkul-3,takedown,1
2019-06-11-webkul-4.md,2019,6,11,webkul-4,takedown,1
2019-06-11-webkul.md,2019,6,11,webkul,takedown,1
2019-06-12-BFACore.md,2019,6,12,BFACore,takedown,1
2019-06-12-Chimera.md,2019,6,12,Chimera,takedown,4
2019-06-12-Cygames-2.md,2019,6,12,Cygames-2,takedown,1
2019-06-12-Cygames.md,2019,6,12,Cygames,takedown,1
2019-06-12-EpicGames.md,2019,6,12,EpicGames,takedown,1
2019-06-12-IFPI.md,2019,6,12,IFPI,takedown,1
2019-06-12-Odoo.md,2019,6,12,Odoo,takedown,1
2019-06-12-TDBank.md,2019,6,12,TDBank,takedown,1
2019-06-12-kuyadex.md,2019,6,12,kuyadex,takedown,1
2019-06-12-xlworkspace.md,2019,6,12,xlworkspace,takedown,1
2019-06-13-AltisLife.md,2019,6,13,AltisLife,takedown,1
2019-06-13-Bindo.md,2019,6,13,Bindo,takedown,2
2019-06-13-EVA.md,2019,6,13,EVA,takedown,1
2019-06-13-Manufacturer.md,2019,6,13,Manufacturer,takedown,1
2019-06-13-Odoo-2.md,2019,6,13,Odoo-2,takedown,1
2019-06-13-Webkul-2.md,2019,6,13,Webkul-2,takedown,1
2019-06-13-Webkul.md,2019,6,13,Webkul,takedown,1
2019-06-13-Wien2k.md,2019,6,13,Wien2k,takedown,1
2019-06-13-gprMax.md,2019,6,13,gprMax,takedown,1
2019-06-13-odoo.md,2019,6,13,odoo,takedown,1
2019-06-13-pdfrenderer.md,2019,6,13,pdfrenderer,takedown,14
2019-06-13-pottermore.md,2019,6,13,pottermore,takedown,1
2019-06-13-warpui.md,2019,6,13,warpui,takedown,4
2019-06-14-GZ.md,2019,6,14,GZ,takedown,4
2019-06-14-GemPixel.md,2019,6,14,GemPixel,takedown,2
2019-06-14-Microsoft.md,2019,6,14,Microsoft,takedown,1
2019-06-14-Registration.md,2019,6,14,Registration,takedown,3
2019-06-14-Sony.md,2019,6,14,Sony,takedown,1
2019-06-14-base-up-src.md,2019,6,14,base-up-src,takedown,2
2019-06-17-Hubei.md,2019,6,17,Hubei,takedown,1
2019-06-17-JetBrains.md,2019,6,17,JetBrains,takedown,127
2019-06-17-Monash.md,2019,6,17,Monash,takedown,1
2019-06-17-Parity.md,2019,6,17,Parity,takedown,6
2019-06-17-Summaries.md,2019,6,17,Summaries,takedown,1
2019-06-17-Tesla.md,2019,6,17,Tesla,takedown,4
2019-06-17-TongCheng-Elong.md,2019,6,17,TongCheng-Elong,takedown,6
2019-06-17-lazySQLi.md,2019,6,17,lazySQLi,takedown,2
2019-06-17-odoo.md,2019,6,17,odoo,takedown,1
2019-06-18-Jinjie.md,2019,6,18,Jinjie,takedown,5
2019-06-18-dataincubator.md,2019,6,18,dataincubator,takedown,1
2019-06-18-kkutu.md,2019,6,18,kkutu,takedown,2
2019-06-19-DotNetVMTHook.md,2019,6,19,DotNetVMTHook,takedown,4
2019-06-19-Pluralsight.md,2019,6,19,Pluralsight,takedown,89
2019-06-19-SMSSpammer.md,2019,6,19,SMSSpammer,takedown,2
2019-06-20-CapitalOne.md,2019,6,20,CapitalOne,takedown,1
2019-06-20-CobaltStrike.md,2019,6,20,CobaltStrike,takedown,1
2019-06-20-Huaxin.md,2019,6,20,Huaxin,takedown,1
2019-06-20-Odoo.md,2019,6,20,Odoo,takedown,4
2019-06-20-QuickBlox.md,2019,6,20,QuickBlox,takedown,44
2019-06-20-Siam.md,2019,6,20,Siam,takedown,1
2019-06-20-theyitu.md,2019,6,20,theyitu,takedown,1
2019-06-21-Apple.md,2019,6,21,Apple,takedown,2
2019-06-21-SepiaSoft.md,2019,6,21,SepiaSoft,takedown,1
2019-06-24-Odoo-2.md,2019,6,24,Odoo-2,takedown,2
2019-06-24-Odoo-3.md,2019,6,24,Odoo-3,takedown,3
2019-06-24-Odoo-4.md,2019,6,24,Odoo-4,takedown,2
2019-06-24-Odoo-5.md,2019,6,24,Odoo-5,takedown,21
2019-06-24-auctionhouse.md,2019,6,24,auctionhouse,takedown,1
2019-06-24-bfire.md,2019,6,24,bfire,takedown,1
2019-06-24-odoo.md,2019,6,24,odoo,takedown,3
2019-06-25-Alipay.md,2019,6,25,Alipay,takedown,1
2019-06-25-AwesomeMalwareAnalysis.md,2019,6,25,AwesomeMalwareAnalysis,takedown,125
2019-06-25-Clover.md,2019,6,25,Clover,takedown,1
2019-06-25-EKPV12.md,2019,6,25,EKPV12,takedown,5
2019-06-25-SongShift.md,2019,6,25,SongShift,takedown,1
2019-06-25-Tesla.md,2019,6,25,Tesla,takedown,1
2019-06-26-Ananda.md,2019,6,26,Ananda,takedown,1
2019-06-26-FlaskTutorial.md,2019,6,26,FlaskTutorial,takedown,11
2019-06-26-GoldMiner.md,2019,6,26,GoldMiner,takedown,1
2019-06-26-RootMe.md,2019,6,26,RootMe,takedown,37
2019-06-26-blagominer.md,2019,6,26,blagominer,takedown,2
2019-06-27-Megamain.md,2019,6,27,Megamain,takedown,1
2019-06-27-Odoo.md,2019,6,27,Odoo,takedown,6
2019-06-27-Sango.md,2019,6,27,Sango,takedown,1
2019-06-27-abinbevproject.md,2019,6,27,abinbevproject,takedown,1
2019-06-27-bigdata.md,2019,6,27,bigdata,takedown,11
2019-06-27-longfor.md,2019,6,27,longfor,takedown,1
2019-06-27-perfectworld.md,2019,6,27,perfectworld,takedown,2
2019-06-27-weallride.md,2019,6,27,weallride,takedown,1
2019-06-28-LexisNexis.md,2019,6,28,LexisNexis,takedown,1
2019-06-28-Tickets.md,2019,6,28,Tickets,takedown,4
2019-06-28-badblock.md,2019,6,28,badblock,takedown,1
2019-06-28-devskiller-2.md,2019,6,28,devskiller-2,takedown,2
2019-06-28-devskiller.md,2019,6,28,devskiller,takedown,1
2019-06-28-jinjie.md,2019,6,28,jinjie,takedown,2
2019-06-28-qualitysystem.md,2019,6,28,qualitysystem,takedown,2
2019-06-28-usps.md,2019,6,28,usps,takedown,1
2019-06-29-hsbc-2.md,2019,6,29,hsbc-2,takedown,1
2019-06-29-hsbc.md,2019,6,29,hsbc,takedown,1
2019-07-01-Apple.md,2019,7,1,Apple,takedown,1
2019-07-01-DevSkiller.md,2019,7,1,DevSkiller,takedown,11
2019-07-01-Indeed.md,2019,7,1,Indeed,takedown,7
2019-07-01-Packt.md,2019,7,1,Packt,takedown,1
2019-07-01-RusherHack.md,2019,7,1,RusherHack,takedown,1
2019-07-01-WHMCS.md,2019,7,1,WHMCS,takedown,3
2019-07-01-alipay.md,2019,7,1,alipay,takedown,1
2019-07-01-odoo.md,2019,7,1,odoo,takedown,1
2019-07-02-BigData.md,2019,7,2,BigData,takedown,2
2019-07-02-CWv2.md,2019,7,2,CWv2,takedown,1
2019-07-02-auctionhouse.md,2019,7,2,auctionhouse,takedown,1
2019-07-02-bmg.md,2019,7,2,bmg,takedown,2
2019-07-02-console-parent.md,2019,7,2,console-parent,takedown,1
2019-07-02-datacenter.md,2019,7,2,datacenter,takedown,8
2019-07-03-CSOD.md,2019,7,3,CSOD,takedown,1
2019-07-03-Jetbrains.md,2019,7,3,Jetbrains,takedown,48
2019-07-03-Premier.md,2019,7,3,Premier,takedown,3
2019-07-03-Rocrail.md,2019,7,3,Rocrail,takedown,4
2019-07-03-badblock.md,2019,7,3,badblock,takedown,1
2019-07-04-BConf.md,2019,7,4,BConf,takedown,2
2019-07-04-IRC.md,2019,7,4,IRC,takedown,1
2019-07-05-Oxford.md,2019,7,5,Oxford,takedown,1
2019-07-05-Rekruut.md,2019,7,5,Rekruut,takedown,1
2019-07-05-Rocrail-CounterNotice.md,2019,7,5,Rocrail-CounterNotice,counternotice,1
2019-07-05-RusherHack.md,2019,7,5,RusherHack,takedown,8
2019-07-05-Subgraphs.md,2019,7,5,Subgraphs,takedown,17
2019-07-05-WHMCS.md,2019,7,5,WHMCS,takedown,33
2019-07-08-Jeeplus.md,2019,7,8,Jeeplus,takedown,4
2019-07-08-Joyware.md,2019,7,8,Joyware,takedown,4
2019-07-08-TMobile.md,2019,7,8,TMobile,takedown,1
2019-07-08-WarpUI.md,2019,7,8,WarpUI,takedown,2
2019-07-08-Youkeduo.md,2019,7,8,Youkeduo,takedown,12
2019-07-09-Clientmodding.md,2019,7,9,Clientmodding,takedown,1
2019-07-09-Dlib.md,2019,7,9,Dlib,takedown,1
2019-07-09-Hadoop.md,2019,7,9,Hadoop,takedown,1
2019-07-09-Odoo-2.md,2019,7,9,Odoo-2,takedown,2
2019-07-09-Odoo-3.md,2019,7,9,Odoo-3,takedown,2
2019-07-09-Odoo-4.md,2019,7,9,Odoo-4,takedown,1
2019-07-09-Odoo.md,2019,7,9,Odoo,takedown,1
2019-07-09-OpenCV.md,2019,7,9,OpenCV,takedown,1
2019-07-09-lua.md,2019,7,9,lua,takedown,3
2019-07-09-personalmenu.md,2019,7,9,personalmenu,takedown,2
2019-07-10-Microsoft.md,2019,7,10,Microsoft,takedown,1
2019-07-10-Mobiscroll.md,2019,7,10,Mobiscroll,takedown,73
2019-07-10-Odoo-2.md,2019,7,10,Odoo-2,takedown,1
2019-07-10-Odoo.md,2019,7,10,Odoo,takedown,1
2019-07-11-Hadoop.md,2019,7,11,Hadoop,takedown,1
2019-07-11-Nielsen.md,2019,7,11,Nielsen,takedown,1
2019-07-11-PFG.md,2019,7,11,PFG,takedown,7
2019-07-11-Tusky.md,2019,7,11,Tusky,takedown,2
2019-07-11-abcd.md,2019,7,11,abcd,takedown,1
2019-07-11-bytedance.md,2019,7,11,bytedance,takedown,1
2019-07-11-esthenos.md,2019,7,11,esthenos,takedown,2
2019-07-11-sandbox.md,2019,7,11,sandbox,takedown,1
2019-07-12-YGOSFT-2.md,2019,7,12,YGOSFT-2,takedown,1
2019-07-12-YGOSFT-4.md,2019,7,12,YGOSFT-4,takedown,1
2019-07-12-YGOSFT-6.md,2019,7,12,YGOSFT-6,takedown,1
2019-07-12-YGSOFT-10.md,2019,7,12,YGSOFT-10,takedown,1
2019-07-12-YGSOFT-11.md,2019,7,12,YGSOFT-11,takedown,1
2019-07-12-YGSOFT-12.md,2019,7,12,YGSOFT-12,takedown,1
2019-07-12-YGSOFT-13.md,2019,7,12,YGSOFT-13,takedown,1
2019-07-12-YGSOFT-14.md,2019,7,12,YGSOFT-14,takedown,1
2019-07-12-YGSOFT-15.md,2019,7,12,YGSOFT-15,takedown,1
2019-07-12-YGSOFT-16.md,2019,7,12,YGSOFT-16,takedown,1
2019-07-12-YGSOFT-17.md,2019,7,12,YGSOFT-17,takedown,1
2019-07-12-YGSOFT-18.md,2019,7,12,YGSOFT-18,takedown,1
2019-07-12-YGSOFT-19.md,2019,7,12,YGSOFT-19,takedown,1
2019-07-12-YGSOFT-20.md,2019,7,12,YGSOFT-20,takedown,1
2019-07-12-YGSOFT-3.md,2019,7,12,YGSOFT-3,takedown,1
2019-07-12-YGSOFT-5.md,2019,7,12,YGSOFT-5,takedown,1
2019-07-12-YGSOFT-7.md,2019,7,12,YGSOFT-7,takedown,1
2019-07-12-YGSOFT-8.md,2019,7,12,YGSOFT-8,takedown,1
2019-07-12-YGSOFT-9.md,2019,7,12,YGSOFT-9,takedown,1
2019-07-12-YGSOFT.md,2019,7,12,YGSOFT,takedown,1
2019-07-15-VPay.md,2019,7,15,VPay,takedown,5
2019-07-15-capitalone.md,2019,7,15,capitalone,takedown,1
2019-07-15-gostaffer.md,2019,7,15,gostaffer,takedown,1
2019-07-15-kindred.md,2019,7,15,kindred,takedown,1
2019-07-15-omega-2.md,2019,7,15,omega-2,takedown,1
2019-07-15-omega-3.md,2019,7,15,omega-3,takedown,2
2019-07-15-omega.md,2019,7,15,omega,takedown,1
2019-07-15-ultima-2.md,2019,7,15,ultima-2,takedown,1
2019-07-15-ultima-3.md,2019,7,15,ultima-3,takedown,1
2019-07-15-ultima-4.md,2019,7,15,ultima-4,takedown,1
2019-07-15-ultima-5.md,2019,7,15,ultima-5,takedown,1
2019-07-15-ultima.md,2019,7,15,ultima,takedown,1
2019-07-15-webkul.md,2019,7,15,webkul,takedown,2
2019-07-15-youdate.md,2019,7,15,youdate,takedown,1
2019-07-16-1600.md,2019,7,16,1600,takedown,2
2019-07-16-FHAdmin.md,2019,7,16,FHAdmin,takedown,1
2019-07-16-FiveM.md,2019,7,16,FiveM,takedown,10
2019-07-16-Mineplex.md,2019,7,16,Mineplex,takedown,3
2019-07-16-Vnect.md,2019,7,16,Vnect,takedown,23
2019-07-16-bilibili.md,2019,7,16,bilibili,takedown,42
2019-07-16-fontsmith.md,2019,7,16,fontsmith,takedown,56
2019-07-16-truebeam.md,2019,7,16,truebeam,takedown,2
2019-07-17-HP.md,2019,7,17,HP,takedown,1
2019-07-17-Imperial.md,2019,7,17,Imperial,takedown,1
2019-07-17-Jinjie.md,2019,7,17,Jinjie,takedown,27
2019-07-17-Morningstar.md,2019,7,17,Morningstar,takedown,1
2019-07-17-Pottermore.md,2019,7,17,Pottermore,takedown,1
2019-07-18-CapOne.md,2019,7,18,CapOne,takedown,1
2019-07-18-DecisionEngines.md,2019,7,18,DecisionEngines,takedown,1
2019-07-18-FloorPlan.md,2019,7,18,FloorPlan,takedown,3
2019-07-18-Odoo.md,2019,7,18,Odoo,takedown,5
2019-07-18-Packt.md,2019,7,18,Packt,takedown,1
2019-07-18-Seven.md,2019,7,18,Seven,takedown,1
2019-07-18-cloud.md,2019,7,18,cloud,takedown,2
2019-07-18-minishell.md,2019,7,18,minishell,takedown,12
2019-07-18-node.md,2019,7,18,node,takedown,1
2019-07-18-realtek.md,2019,7,18,realtek,takedown,1
2019-07-19-NVIDIA.md,2019,7,19,NVIDIA,takedown,1
2019-07-19-VNect.md,2019,7,19,VNect,takedown,1
2019-07-19-Wandaph.md,2019,7,19,Wandaph,takedown,1
2019-07-19-kms.md,2019,7,19,kms,takedown,2
2019-07-19-prana.md,2019,7,19,prana,takedown,1
2019-07-19-workclout.md,2019,7,19,workclout,takedown,1
2019-07-22-Unity.md,2019,7,22,Unity,takedown,5
2019-07-22-augmentedreality.md,2019,7,22,augmentedreality,takedown,2
2019-07-22-chrima.md,2019,7,22,chrima,takedown,1
2019-07-22-fivem.md,2019,7,22,fivem,takedown,1
2019-07-22-infosys.md,2019,7,22,infosys,takedown,1
2019-07-22-renren.md,2019,7,22,renren,takedown,6
2019-07-22-rhythmbot.md,2019,7,22,rhythmbot,takedown,1
2019-07-23-Bitrix.md,2019,7,23,Bitrix,takedown,1
2019-07-23-Jinxin.md,2019,7,23,Jinxin,takedown,2
2019-07-23-RadioLib.md,2019,7,23,RadioLib,takedown,2
2019-07-23-node.md,2019,7,23,node,takedown,1
2019-07-23-realtek.md,2019,7,23,realtek,takedown,1
2019-07-23-szlanyou.md,2019,7,23,szlanyou,takedown,1
2019-07-24-shop.md,2019,7,24,shop,takedown,1
2019-07-25-codility.md,2019,7,25,codility,takedown,8
2019-07-25-laravelroles.md,2019,7,25,laravelroles,takedown,2
2019-07-25-lovethisplace.md,2019,7,25,lovethisplace,takedown,1
2019-07-25-nehalist.md,2019,7,25,nehalist,takedown,2
2019-07-25-parla.md,2019,7,25,parla,takedown,4
2019-07-25-rythmbot.md,2019,7,25,rythmbot,takedown,6
2019-07-25-sigmaclient.md,2019,7,25,sigmaclient,takedown,1
2019-07-29-avsolutions.md,2019,7,29,avsolutions,takedown,4
2019-07-29-botsfordiscord.md,2019,7,29,botsfordiscord,takedown,6
2019-07-29-microsoft.md,2019,7,29,microsoft,takedown,1
2019-07-29-uJVM.md,2019,7,29,uJVM,takedown,1
2019-07-29-unity3d.md,2019,7,29,unity3d,takedown,1
2019-07-29-windows93.md,2019,7,29,windows93,takedown,1
2019-07-30-Blinkist.md,2019,7,30,Blinkist,takedown,1
2019-07-30-Odoo-2.md,2019,7,30,Odoo-2,takedown,1
2019-07-30-Odoo.md,2019,7,30,Odoo,takedown,1
2019-07-30-Pearson.md,2019,7,30,Pearson,takedown,1
2019-07-30-RBL.md,2019,7,30,RBL,takedown,1
2019-07-30-Shop++.md,2019,7,30,Shop++,takedown,4
2019-07-30-fetchapp.md,2019,7,30,fetchapp,takedown,1
2019-07-30-oracle.md,2019,7,30,oracle,takedown,1
2019-07-30-rainbowchat.md,2019,7,30,rainbowchat,takedown,1
2019-07-31-Horde.md,2019,7,31,Horde,takedown,1
2019-07-31-NucleusHealth.md,2019,7,31,NucleusHealth,takedown,1
2019-07-31-TextFree.md,2019,7,31,TextFree,takedown,2
2019-07-31-TextNow.md,2019,7,31,TextNow,takedown,9
2019-07-31-vlsshop.md,2019,7,31,vlsshop,takedown,2
2019-08-01-Billing-and-Stock-Management.md,2019,8,1,Billing-and-Stock-Management,takedown,1
2019-08-01-Chipkin.md,2019,8,1,Chipkin,takedown,2
2019-08-01-Comeso-2.md,2019,8,1,Comeso-2,takedown,1
2019-08-01-Comeso.md,2019,8,1,Comeso,takedown,1
2019-08-01-Crane.md,2019,8,1,Crane,takedown,1
2019-08-01-LearnLinux.md,2019,8,1,LearnLinux,takedown,3
2019-08-01-Lua.md,2019,8,1,Lua,takedown,1
2019-08-01-Oreilly.md,2019,8,1,Oreilly,takedown,283
2019-08-01-SQLExpress.md,2019,8,1,SQLExpress,takedown,1
2019-08-01-UniversityOfToronto.md,2019,8,1,UniversityOfToronto,takedown,1
2019-08-02-Odoo.md,2019,8,2,Odoo,takedown,1
2019-08-02-Tempurpedic.md,2019,8,2,Tempurpedic,takedown,1
2019-08-02-kitalive.md,2019,8,2,kitalive,takedown,2
2019-08-02-shizhuang.md,2019,8,2,shizhuang,takedown,1
2019-08-05-ClubManager.md,2019,8,5,ClubManager,takedown,2
2019-08-05-CobaltStrike.md,2019,8,5,CobaltStrike,takedown,12
2019-08-05-Codility.md,2019,8,5,Codility,takedown,2
2019-08-05-HDMI.md,2019,8,5,HDMI,takedown,2
2019-08-05-Redacted.md,2019,8,5,Redacted,takedown,1
2019-08-05-VF.md,2019,8,5,VF,takedown,1
2019-08-05-codecanyon.md,2019,8,5,codecanyon,takedown,1
2019-08-05-eLearnSecurity.md,2019,8,5,eLearnSecurity,takedown,2
2019-08-05-knoxss.md,2019,8,5,knoxss,takedown,1
2019-08-05-pylocal.md,2019,8,5,pylocal,takedown,1
2019-08-07-Hadoop.md,2019,8,7,Hadoop,takedown,1
2019-08-07-Lyft.md,2019,8,7,Lyft,takedown,1
2019-08-07-ProAV.md,2019,8,7,ProAV,takedown,2
2019-08-07-Rainbowchat.md,2019,8,7,Rainbowchat,takedown,1
2019-08-07-Shell.md,2019,8,7,Shell,takedown,1
2019-08-07-TestDriven-2.md,2019,8,7,TestDriven-2,takedown,13
2019-08-07-TestDriven.md,2019,8,7,TestDriven,takedown,1
2019-08-07-pazardy.md,2019,8,7,pazardy,takedown,1
2019-08-07-renren.md,2019,8,7,renren,takedown,7
2019-08-08-253.md,2019,8,8,253,takedown,1
2019-08-08-EpicGames.md,2019,8,8,EpicGames,takedown,1
2019-08-08-InspireUI.md,2019,8,8,InspireUI,takedown,14
2019-08-08-NEEDA.md,2019,8,8,NEEDA,takedown,2
2019-08-08-Odoo.md,2019,8,8,Odoo,takedown,2
2019-08-08-Oreilly-2.md,2019,8,8,Oreilly-2,takedown,72
2019-08-08-Oreilly.md,2019,8,8,Oreilly,takedown,6
2019-08-08-Packt.md,2019,8,8,Packt,takedown,1
2019-08-08-ZagInc.md,2019,8,8,ZagInc,takedown,1
2019-08-08-catkinws.md,2019,8,8,catkinws,takedown,2
2019-08-08-codebase.md,2019,8,8,codebase,takedown,4
2019-08-08-iltaltel.md,2019,8,8,iltaltel,takedown,2
2019-08-08-shiftup.md,2019,8,8,shiftup,takedown,1
2019-08-09-FHAdmin.md,2019,8,9,FHAdmin,takedown,1
2019-08-09-PHIN-2.md,2019,8,9,PHIN-2,takedown,1
2019-08-09-PHIN.md,2019,8,9,PHIN,takedown,2
2019-08-09-SenseTime-2.md,2019,8,9,SenseTime-2,takedown,14
2019-08-09-SenseTime-3.md,2019,8,9,SenseTime-3,takedown,2
2019-08-09-SenseTime-4.md,2019,8,9,SenseTime-4,takedown,2
2019-08-09-SenseTime-5.md,2019,8,9,SenseTime-5,takedown,455
2019-08-09-SenseTime-6.md,2019,8,9,SenseTime-6,takedown,2
2019-08-09-SenseTime.md,2019,8,9,SenseTime,takedown,21
2019-08-09-Wotu.md,2019,8,9,Wotu,takedown,3
2019-08-09-proclubs.md,2019,8,9,proclubs,takedown,2
2019-08-12-FluxIT.md,2019,8,12,FluxIT,takedown,11
2019-08-12-Jetbrains-2.md,2019,8,12,Jetbrains-2,takedown,22
2019-08-12-Jetbrains.md,2019,8,12,Jetbrains,takedown,152
2019-08-12-Yalla.md,2019,8,12,Yalla,takedown,1
2019-08-12-comeso.md,2019,8,12,comeso,takedown,1
2019-08-13-Bitrix.md,2019,8,13,Bitrix,takedown,1
2019-08-13-CraftiStacker.md,2019,8,13,CraftiStacker,takedown,1
2019-08-13-edifabric.md,2019,8,13,edifabric,takedown,2
2019-08-13-swiftotter.md,2019,8,13,swiftotter,takedown,2
2019-08-13-vk-pm-downloader.md,2019,8,13,vk-pm-downloader,takedown,3
2019-08-14-Apple.md,2019,8,14,Apple,takedown,19
2019-08-14-blockdesigner.md,2019,8,14,blockdesigner,takedown,1
2019-08-14-moremountains.md,2019,8,14,moremountains,takedown,19
2019-08-14-oxooandroid.md,2019,8,14,oxooandroid,takedown,1
2019-08-15-BMD.md,2019,8,15,BMD,takedown,1
2019-08-15-Packt-2.md,2019,8,15,Packt-2,takedown,1
2019-08-15-Packt.md,2019,8,15,Packt,takedown,1
2019-08-15-Pearson.md,2019,8,15,Pearson,takedown,1
2019-08-15-Woodside.md,2019,8,15,Woodside,takedown,1
2019-08-15-blockdesigner.md,2019,8,15,blockdesigner,takedown,1
2019-08-15-comeso.md,2019,8,15,comeso,takedown,1
2019-08-15-inscope.md,2019,8,15,inscope,takedown,1
2019-08-16-easyforms.md,2019,8,16,easyforms,takedown,2
2019-08-16-humana.md,2019,8,16,humana,takedown,1
2019-08-16-indeed.md,2019,8,16,indeed,takedown,1
2019-08-19-Bindo.md,2019,8,19,Bindo,takedown,1
2019-08-19-Jetbrains.md,2019,8,19,Jetbrains,takedown,45
2019-08-19-Packt.md,2019,8,19,Packt,takedown,4
2019-08-19-RidePlay.md,2019,8,19,RidePlay,takedown,2
2019-08-19-apple.md,2019,8,19,apple,takedown,45
2019-08-19-deathlistener.md,2019,8,19,deathlistener,takedown,1
2019-08-19-linuxkerneldevelopment.md,2019,8,19,linuxkerneldevelopment,takedown,1
2019-08-19-pearson.md,2019,8,19,pearson,takedown,1
2019-08-19-stata.md,2019,8,19,stata,takedown,2
2019-08-19-travelfusion.md,2019,8,19,travelfusion,takedown,1
2019-08-20-SB.md,2019,8,20,SB,takedown,1
2019-08-20-bitrix.md,2019,8,20,bitrix,takedown,3
2019-08-20-xincheng.md,2019,8,20,xincheng,takedown,2
2019-08-21-Apple.md,2019,8,21,Apple,takedown,1
2019-08-21-ffmpeg.md,2019,8,21,ffmpeg,takedown,2
2019-08-21-hooligans.md,2019,8,21,hooligans,takedown,1
2019-08-21-icons_helper.md,2019,8,21,icons_helper,takedown,2
2019-08-21-secitco.md,2019,8,21,secitco,takedown,1
2019-08-21-whitewolf.md,2019,8,21,whitewolf,takedown,1
2019-08-22-Knoxss.md,2019,8,22,Knoxss,takedown,24
2019-08-22-Oreilly.md,2019,8,22,Oreilly,takedown,20
2019-08-22-Payward.md,2019,8,22,Payward,takedown,2
2019-08-22-econtexpress.md,2019,8,22,econtexpress,takedown,2
2019-08-22-gatherup.md,2019,8,22,gatherup,takedown,1
2019-08-22-minecraft.md,2019,8,22,minecraft,takedown,1
2019-08-22-netlifly.md,2019,8,22,netlifly,takedown,1
2019-08-22-parcelperform.md,2019,8,22,parcelperform,takedown,3
2019-08-23-apple.md,2019,8,23,apple,takedown,4
2019-08-23-cloudwalk.md,2019,8,23,cloudwalk,takedown,1
2019-08-26-Codility.md,2019,8,26,Codility,takedown,1
2019-08-26-Henry.md,2019,8,26,Henry,takedown,1
2019-08-26-econtexpress.md,2019,8,26,econtexpress,takedown,1
2019-08-26-freecad.md,2019,8,26,freecad,takedown,3
2019-08-26-imperium42.md,2019,8,26,imperium42,takedown,1
2019-08-26-insomniarp.md,2019,8,26,insomniarp,takedown,1
2019-08-27-Apple.md,2019,8,27,Apple,takedown,3
2019-08-27-Hachette.md,2019,8,27,Hachette,takedown,1
2019-08-27-elendingsolutions.md,2019,8,27,elendingsolutions,takedown,1
2019-08-27-lolskinview.md,2019,8,27,lolskinview,takedown,1
2019-08-27-visualstudio.md,2019,8,27,visualstudio,takedown,2
2019-08-28-Ask55.md,2019,8,28,Ask55,takedown,1
2019-08-28-Odoo.md,2019,8,28,Odoo,takedown,1
2019-08-28-RegentsOfUniversityOfCalifornia.md,2019,8,28,RegentsOfUniversityOfCalifornia,takedown,6
2019-08-28-Studio3T.md,2019,8,28,Studio3T,takedown,70
2019-08-29-ChinaUnionpayData.md,2019,8,29,ChinaUnionpayData,takedown,2
2019-08-29-Kizoto.md,2019,8,29,Kizoto,takedown,1
2019-08-29-McGrawHill.md,2019,8,29,McGrawHill,takedown,3
2019-08-29-Odoo.md,2019,8,29,Odoo,takedown,2
2019-08-29-SiamBooks.md,2019,8,29,SiamBooks,takedown,2
2019-08-29-minetopiasdb.md,2019,8,29,minetopiasdb,takedown,1
2019-08-29-travelfusion.md,2019,8,29,travelfusion,takedown,1
2019-08-30-Naver.md,2019,8,30,Naver,takedown,3
2019-08-30-integrate-service.md,2019,8,30,integrate-service,takedown,1
2019-08-30-nyzf.md,2019,8,30,nyzf,takedown,1
2019-09-01-Attributor.md,2019,9,1,Attributor,takedown,1
2019-09-02-Cemex.md,2019,9,2,Cemex,takedown,1
2019-09-02-Knoxss.md,2019,9,2,Knoxss,takedown,3
2019-09-03-CEMEX.md,2019,9,3,CEMEX,takedown,2
2019-09-03-Jetbrains.md,2019,9,3,Jetbrains,takedown,30
2019-09-03-experian.md,2019,9,3,experian,takedown,1
2019-09-03-konboot.md,2019,9,3,konboot,takedown,2
2019-09-03-lewagon.md,2019,9,3,lewagon,takedown,3
2019-09-03-onthegosystems.md,2019,9,3,onthegosystems,takedown,1
2019-09-03-studio3t.md,2019,9,3,studio3t,takedown,2
2019-09-03-zeenetworks.md,2019,9,3,zeenetworks,takedown,2
2019-09-04-CDL.md,2019,9,4,CDL,takedown,1
2019-09-04-Dlib.md,2019,9,4,Dlib,takedown,3
2019-09-04-Nintendo.md,2019,9,4,Nintendo,takedown,14
2019-09-04-OpenCV.md,2019,9,4,OpenCV,takedown,7
2019-09-04-Packt.md,2019,9,4,Packt,takedown,1
2019-09-04-Pluralsight.md,2019,9,4,Pluralsight,takedown,101
2019-09-04-Pozbee.md,2019,9,4,Pozbee,takedown,1
2019-09-04-designmodo.md,2019,9,4,designmodo,takedown,1
2019-09-04-gpu-instancer-2.md,2019,9,4,gpu-instancer-2,takedown,2
2019-09-04-gpu-instancer-3.md,2019,9,4,gpu-instancer-3,takedown,1
2019-09-04-gpu-instancer.md,2019,9,4,gpu-instancer,takedown,1
2019-09-04-szlanyou.md,2019,9,4,szlanyou,takedown,1
2019-09-05-Beamer.md,2019,9,5,Beamer,takedown,1
2019-09-05-EVP.md,2019,9,5,EVP,takedown,4
2019-09-05-GPUInstancer.md,2019,9,5,GPUInstancer,takedown,1
2019-09-05-Screenwings.md,2019,9,5,Screenwings,takedown,1
2019-09-06-apple.md,2019,9,6,apple,takedown,1
2019-09-06-playstation.md,2019,9,6,playstation,takedown,2
2019-09-09-capitalone.md,2019,9,9,capitalone,takedown,1
2019-09-10-10thman.md,2019,9,10,10thman,takedown,2
2019-09-10-Chimera.md,2019,9,10,Chimera,takedown,1
2019-09-10-Pluralsight.md,2019,9,10,Pluralsight,takedown,9
2019-09-10-QAD.md,2019,9,10,QAD,takedown,9
2019-09-10-RusherHack.md,2019,9,10,RusherHack,takedown,5
2019-09-10-capitalone.md,2019,9,10,capitalone,takedown,1
2019-09-10-designmodo-counternotice.md,2019,9,10,designmodo-counternotice,counternotice,1
2019-09-10-elasticsearch.md,2019,9,10,elasticsearch,takedown,14
2019-09-10-integrateservice.md,2019,9,10,integrateservice,takedown,1
2019-09-10-invisionpowerservices.md,2019,9,10,invisionpowerservices,takedown,1
2019-09-10-konboot.md,2019,9,10,konboot,takedown,3
2019-09-10-nintendo-counternotice.md,2019,9,10,nintendo-counternotice,counternotice,4
2019-09-10-pearson.md,2019,9,10,pearson,takedown,1
2019-09-10-resolver.md,2019,9,10,resolver,takedown,13
2019-09-10-yahoojapan.md,2019,9,10,yahoojapan,takedown,1
2019-09-11-CapitalOne.md,2019,9,11,CapitalOne,takedown,1
2019-09-11-Cummins.md,2019,9,11,Cummins,takedown,1
2019-09-11-Jetbrains.md,2019,9,11,Jetbrains,takedown,14
2019-09-11-NAS.md,2019,9,11,NAS,takedown,1
2019-09-11-Sisense.md,2019,9,11,Sisense,takedown,1
2019-09-11-pixelmon.md,2019,9,11,pixelmon,takedown,1
2019-09-11-reactivepay.md,2019,9,11,reactivepay,takedown,2
2019-09-11-ror-codesample.md,2019,9,11,ror-codesample,takedown,1
2019-09-11-screenwings.md,2019,9,11,screenwings,takedown,1
2019-09-11-stackadmin.md,2019,9,11,stackadmin,takedown,5
2019-09-12-Hex-Rays.md,2019,9,12,Hex-Rays,takedown,16
2019-09-12-Imperium42.md,2019,9,12,Imperium42,takedown,1
2019-09-12-Packt-2.md,2019,9,12,Packt-2,takedown,2
2019-09-12-Packt.md,2019,9,12,Packt,takedown,3
2019-09-12-TestDome.md,2019,9,12,TestDome,takedown,1
2019-09-12-apple.md,2019,9,12,apple,takedown,1
2019-09-12-cleanmymac.md,2019,9,12,cleanmymac,takedown,1
2019-09-12-dahaobj.md,2019,9,12,dahaobj,takedown,1
2019-09-12-dealershipapp.md,2019,9,12,dealershipapp,takedown,2
2019-09-12-infosys.md,2019,9,12,infosys,takedown,2
2019-09-12-llt.md,2019,9,12,llt,takedown,2
2019-09-12-simplepos.md,2019,9,12,simplepos,takedown,2
2019-09-12-stereoarts.md,2019,9,12,stereoarts,takedown,4
2019-09-12-thomsonreuters.md,2019,9,12,thomsonreuters,takedown,1
2019-09-12-tmobile.md,2019,9,12,tmobile,takedown,1
2019-09-13-TinkLabs.md,2019,9,13,TinkLabs,takedown,8
2019-09-13-infosys.md,2019,9,13,infosys,takedown,2
2019-09-16-campoweb.md,2019,9,16,campoweb,takedown,1
2019-09-16-comquestandroid.md,2019,9,16,comquestandroid,takedown,1
2019-09-16-evp.md,2019,9,16,evp,takedown,2
2019-09-16-fim.md,2019,9,16,fim,takedown,1
2019-09-16-marksandspencer.md,2019,9,16,marksandspencer,takedown,1
2019-09-16-serveurmultigames.md,2019,9,16,serveurmultigames,takedown,1
2019-09-16-webkul-2.md,2019,9,16,webkul-2,takedown,1
2019-09-16-webkul.md,2019,9,16,webkul,takedown,1
2019-09-17-ikm.md,2019,9,17,ikm,takedown,1
2019-09-18-baison.md,2019,9,18,baison,takedown,3
2019-09-18-curransflowers.md,2019,9,18,curransflowers,takedown,1
2019-09-18-limitlessgaming.md,2019,9,18,limitlessgaming,takedown,1
2019-09-18-odoo.md,2019,9,18,odoo,takedown,1
2019-09-18-pearson.md,2019,9,18,pearson,takedown,1
2019-09-19-InMobi.md,2019,9,19,InMobi,takedown,1
2019-09-19-Pluralsight.md,2019,9,19,Pluralsight,takedown,84
2019-09-19-SAPHybrisCommerce.md,2019,9,19,SAPHybrisCommerce,takedown,1
2019-09-19-accenture.md,2019,9,19,accenture,takedown,1
2019-09-19-android.md,2019,9,19,android,takedown,5
2019-09-19-jetbrains.md,2019,9,19,jetbrains,takedown,54
2019-09-19-nintendo-counternotice.md,2019,9,19,nintendo-counternotice,counternotice,1
2019-09-19-pragmatapro.md,2019,9,19,pragmatapro,takedown,16
2019-09-19-shadowandlight.md,2019,9,19,shadowandlight,takedown,1
2019-09-19-webkul.md,2019,9,19,webkul,takedown,1
2019-09-20-aclara.md,2019,9,20,aclara,takedown,1
2019-09-20-jquerynewsticker.md,2019,9,20,jquerynewsticker,takedown,1
2019-09-20-modfreakz.md,2019,9,20,modfreakz,takedown,10
2019-09-23-hex.md,2019,9,23,hex,takedown,4
2019-09-23-ikmcpptest-2.md,2019,9,23,ikmcpptest-2,takedown,1
2019-09-23-ikmcpptest.md,2019,9,23,ikmcpptest,takedown,1
2019-09-23-nihon.md,2019,9,23,nihon,takedown,2
2019-09-23-packt.md,2019,9,23,packt,takedown,2
2019-09-23-pearson.md,2019,9,23,pearson,takedown,1
2019-09-23-rust.md,2019,9,23,rust,takedown,1
2019-09-24-cibc.md,2019,9,24,cibc,takedown,1
2019-09-24-sellmyapp.md,2019,9,24,sellmyapp,takedown,1
2019-09-24-wasl.md,2019,9,24,wasl,takedown,1
2019-09-24-wsus.md,2019,9,24,wsus,takedown,1
2019-09-25-CM-Pack.md,2019,9,25,CM-Pack,takedown,1
2019-09-25-Odoo.md,2019,9,25,Odoo,takedown,1
2019-09-25-Playtika.md,2019,9,25,Playtika,takedown,1
2019-09-25-serveurmultigames-counternotice.md,2019,9,25,serveurmultigames-counternotice,counternotice,1
2019-09-26-checklistandroid.md,2019,9,26,checklistandroid,takedown,1
2019-09-26-pearson.md,2019,9,26,pearson,takedown,1
2019-09-26-tnet.md,2019,9,26,tnet,takedown,1
2019-09-27-Quad.md,2019,9,27,Quad,takedown,1
2019-09-27-SinCola.md,2019,9,27,SinCola,takedown,1
2019-09-27-lewagon.md,2019,9,27,lewagon,takedown,282
2019-09-27-nintendo-2.md,2019,9,27,nintendo-2,takedown,5
2019-09-27-nintendo.md,2019,9,27,nintendo,takedown,31
2019-09-27-starbucks.md,2019,9,27,starbucks,takedown,3
2019-09-27-travayht.md,2019,9,27,travayht,takedown,1
2019-09-30-Cobiro.md,2019,9,30,Cobiro,takedown,1
2019-09-30-Packt.md,2019,9,30,Packt,takedown,3
2019-09-30-PracticalPythonAndOpenCV.md,2019,9,30,PracticalPythonAndOpenCV,takedown,1
2019-09-30-ThoughtLeaders.md,2019,9,30,ThoughtLeaders,takedown,1
2019-09-30-Vector.md,2019,9,30,Vector,takedown,3
2019-09-30-Webkul.md,2019,9,30,Webkul,takedown,1
2019-09-30-alibaba.md,2019,9,30,alibaba,takedown,10
2019-09-30-ebupt.md,2019,9,30,ebupt,takedown,2
2019-09-30-meiyu.md,2019,9,30,meiyu,takedown,1
2019-09-30-onthego.md,2019,9,30,onthego,takedown,1
2019-10-01-Webkul-1.md,2019,10,1,Webkul-1,takedown,4
2019-10-01-Webkul-10.md,2019,10,1,Webkul-10,takedown,1
2019-10-01-Webkul-11.md,2019,10,1,Webkul-11,takedown,3
2019-10-01-Webkul-12.md,2019,10,1,Webkul-12,takedown,5
2019-10-01-Webkul-13.md,2019,10,1,Webkul-13,takedown,1
2019-10-01-Webkul-2.md,2019,10,1,Webkul-2,takedown,1
2019-10-01-Webkul-3.md,2019,10,1,Webkul-3,takedown,1
2019-10-01-Webkul-4.md,2019,10,1,Webkul-4,takedown,1
2019-10-01-Webkul-5.md,2019,10,1,Webkul-5,takedown,3
2019-10-01-Webkul-6.md,2019,10,1,Webkul-6,takedown,2
2019-10-01-Webkul-7.md,2019,10,1,Webkul-7,takedown,1
2019-10-01-Webkul-8.md,2019,10,1,Webkul-8,takedown,1
2019-10-01-Webkul-9.md,2019,10,1,Webkul-9,takedown,1
2019-10-01-Wekbul-14.md,2019,10,1,Wekbul-14,takedown,10
2019-10-02-JetBrains.md,2019,10,2,JetBrains,takedown,26
2019-10-02-Manning.md,2019,10,2,Manning,takedown,1
2019-10-02-Pearson-2.md,2019,10,2,Pearson-2,takedown,1
2019-10-02-Pearson-3.md,2019,10,2,Pearson-3,takedown,2
2019-10-02-Pearson.md,2019,10,2,Pearson,takedown,2
2019-10-03-BusinessTech.md,2019,10,3,BusinessTech,takedown,15
2019-10-03-PrestaModule.md,2019,10,3,PrestaModule,takedown,32
2019-10-03-ber.md,2019,10,3,ber,takedown,3
2019-10-03-blackknight.md,2019,10,3,blackknight,takedown,2
2019-10-03-cmpack.md,2019,10,3,cmpack,takedown,1
2019-10-03-datefit.md,2019,10,3,datefit,takedown,1
2019-10-03-devoverflow.md,2019,10,3,devoverflow,takedown,1
2019-10-03-florenceweddingsite.md,2019,10,3,florenceweddingsite,takedown,1
2019-10-03-hades.md,2019,10,3,hades,takedown,1
2019-10-03-ibm.md,2019,10,3,ibm,takedown,1
2019-10-03-mastercard.md,2019,10,3,mastercard,takedown,1
2019-10-03-nintendo-2-counter-notice.md,2019,10,3,nintendo-2-counter-notice,takedown,3
2019-10-03-officedepot.md,2019,10,3,officedepot,takedown,2
2019-10-03-sed.md,2019,10,3,sed,takedown,1
2019-10-03-sellmyapp.md,2019,10,3,sellmyapp,takedown,1
2019-10-04-mastercard.md,2019,10,4,mastercard,takedown,1
2019-10-07-3dxchat.md,2019,10,7,3dxchat,takedown,6
2019-10-07-Starbucks.md,2019,10,7,Starbucks,takedown,1
2019-10-07-hyperloopterminal.md,2019,10,7,hyperloopterminal,takedown,1
2019-10-07-tmobile.md,2019,10,7,tmobile,takedown,1
2019-10-07-umich-2.md,2019,10,7,umich-2,takedown,1
2019-10-07-umich-3.md,2019,10,7,umich-3,takedown,1
2019-10-07-umich-4.md,2019,10,7,umich-4,takedown,1
2019-10-07-umich-5.md,2019,10,7,umich-5,takedown,1
2019-10-07-umich.md,2019,10,7,umich,takedown,1
2019-10-08-BOD.md,2019,10,8,BOD,takedown,1
2019-10-08-Classic-Computer-Science.md,2019,10,8,Classic-Computer-Science,takedown,1
2019-10-08-Nihon.md,2019,10,8,Nihon,takedown,3
2019-10-08-Nike.md,2019,10,8,Nike,takedown,2
2019-10-08-packt.md,2019,10,8,packt,takedown,87
2019-10-08-pearson.md,2019,10,8,pearson,takedown,2
2019-10-08-qad.md,2019,10,8,qad,takedown,5
2019-10-09-myev.md,2019,10,9,myev,takedown,1
2019-10-09-practicalpython.md,2019,10,9,practicalpython,takedown,1
2019-10-10-Odoo-2.md,2019,10,10,Odoo-2,takedown,6
2019-10-10-Odoo-3.md,2019,10,10,Odoo-3,takedown,5
2019-10-10-Odoo-4.md.md,2019,10,10,Odoo-4.md,takedown,2
2019-10-10-Odoo.md,2019,10,10,Odoo,takedown,7
2019-10-10-Pearson.md,2019,10,10,Pearson,takedown,50
2019-10-10-UserBot-2.md,2019,10,10,UserBot-2,takedown,3
2019-10-10-Userbot.md,2019,10,10,Userbot,takedown,29
2019-10-10-cbot.md,2019,10,10,cbot,takedown,2
2019-10-10-oreilly.md,2019,10,10,oreilly,takedown,1
2019-10-10-packt.md,2019,10,10,packt,takedown,1
2019-10-10-webkul-2.md,2019,10,10,webkul-2,takedown,7
2019-10-11-casadocodigo.md,2019,10,11,casadocodigo,takedown,25
2019-10-11-okta.md,2019,10,11,okta,takedown,6
2019-10-11-ola-2.md,2019,10,11,ola-2,takedown,1
2019-10-11-ola.md,2019,10,11,ola,takedown,1
2019-10-11-qobuz.md,2019,10,11,qobuz,takedown,37
2019-10-11-servicemax.md,2019,10,11,servicemax,takedown,1
2019-10-11-stealth.md,2019,10,11,stealth,takedown,1
2019-10-14-deathclick.md,2019,10,14,deathclick,takedown,2
2019-10-14-j2team.md,2019,10,14,j2team,takedown,1
2019-10-14-marketinganalytics.md,2019,10,14,marketinganalytics,takedown,1
2019-10-14-pixinvent.md,2019,10,14,pixinvent,takedown,23
2019-10-14-rb.md,2019,10,14,rb,takedown,2
2019-10-14-sinitek.md,2019,10,14,sinitek,takedown,1
2019-10-15-OOO-Books.md,2019,10,15,OOO-Books,takedown,3
2019-10-15-Packt-1.md,2019,10,15,Packt-1,takedown,2
2019-10-15-Webkul-1.md,2019,10,15,Webkul-1,takedown,1
2019-10-15-ai.md,2019,10,15,ai,takedown,1
2019-10-15-invoicemultipayment.md,2019,10,15,invoicemultipayment,takedown,2
2019-10-15-keycardscanner.md,2019,10,15,keycardscanner,takedown,5
2019-10-15-metaquotes.md,2019,10,15,metaquotes,takedown,7
2019-10-15-nihon-counternotice.md,2019,10,15,nihon-counternotice,counternotice,1
2019-10-15-odoo-2.md,2019,10,15,odoo-2,takedown,4
2019-10-15-odoo-3.md,2019,10,15,odoo-3,takedown,3
2019-10-15-odoo.md,2019,10,15,odoo,takedown,1
2019-10-15-oreilly.md,2019,10,15,oreilly,takedown,1
2019-10-15-startsharp.md,2019,10,15,startsharp,takedown,4
2019-10-15-whitelist-2.md,2019,10,15,whitelist-2,takedown,6
2019-10-15-whitelist.md,2019,10,15,whitelist,takedown,2
2019-10-16-mypaperplane.md,2019,10,16,mypaperplane,takedown,16
2019-10-16-odoo-2.md,2019,10,16,odoo-2,takedown,16
2019-10-16-odoo.md,2019,10,16,odoo,takedown,2
2019-10-16-ola-counternotice.md,2019,10,16,ola-counternotice,counternotice,1
2019-10-16-practicalpython.md,2019,10,16,practicalpython,takedown,1
2019-10-17-Camtasia.md,2019,10,17,Camtasia,takedown,1
2019-10-17-Hazelcast.md,2019,10,17,Hazelcast,takedown,1
2019-10-17-LanguageInMotion.md,2019,10,17,LanguageInMotion,takedown,2
2019-10-17-NullSystemWorks.md,2019,10,17,NullSystemWorks,takedown,9
2019-10-17-Odoo-1.md,2019,10,17,Odoo-1,takedown,9
2019-10-17-Odoo-2.md,2019,10,17,Odoo-2,takedown,27
2019-10-17-Pixelmon.md,2019,10,17,Pixelmon,takedown,5
2019-10-17-Rozbor-dila.md,2019,10,17,Rozbor-dila,takedown,1
2019-10-17-ServiceMax.md,2019,10,17,ServiceMax,takedown,1
2019-10-17-StereoArts.md,2019,10,17,StereoArts,takedown,1
2019-10-17-UniversityOfMichigan.md,2019,10,17,UniversityOfMichigan,takedown,2
2019-10-17-Zhizhetianxia.md,2019,10,17,Zhizhetianxia,takedown,302
2019-10-17-codility.md,2019,10,17,codility,takedown,1
2019-10-17-jbhunt.md,2019,10,17,jbhunt,takedown,1
2019-10-17-jetbrains.md,2019,10,17,jetbrains,takedown,53
2019-10-17-neurotec.md,2019,10,17,neurotec,takedown,1
2019-10-17-phoenixrp.md,2019,10,17,phoenixrp,takedown,1
2019-10-17-sapse.md,2019,10,17,sapse,takedown,2
2019-10-17-uFelix.md,2019,10,17,uFelix,takedown,1
2019-10-17-wallarm.md,2019,10,17,wallarm,takedown,1
2019-10-18-adminpro.md,2019,10,18,adminpro,takedown,7
2019-10-19-Metaquotes.md,2019,10,19,Metaquotes,takedown,5
2019-10-21-Lacerba.md,2019,10,21,Lacerba,takedown,1
2019-10-21-Verizon.md,2019,10,21,Verizon,takedown,1
2019-10-21-boutique-air.md,2019,10,21,boutique-air,takedown,2
2019-10-21-mq14.md,2019,10,21,mq14,takedown,43
2019-10-21-opencv.md,2019,10,21,opencv,takedown,1
2019-10-21-pixelmod.md,2019,10,21,pixelmod,takedown,1
2019-10-21-sega.md,2019,10,21,sega,takedown,1
2019-10-21-skystra.md,2019,10,21,skystra,takedown,1
2019-10-21-yaytext.md,2019,10,21,yaytext,takedown,2
2019-10-22-CodeSignal.md,2019,10,22,CodeSignal,takedown,37
2019-10-22-OReilly.md,2019,10,22,OReilly,takedown,61
2019-10-22-Odoo.md,2019,10,22,Odoo,takedown,41
2019-10-22-Tmobile-3.md,2019,10,22,Tmobile-3,takedown,1
2019-10-22-Tmobile.md,2019,10,22,Tmobile,takedown,2
2019-10-22-gaadizo.md,2019,10,22,gaadizo,takedown,1
2019-10-22-okta.md,2019,10,22,okta,takedown,1
2019-10-22-packt.md,2019,10,22,packt,takedown,185
2019-10-22-skystra-2.md,2019,10,22,skystra-2,takedown,1
2019-10-22-skystra.md,2019,10,22,skystra,takedown,1
2019-10-22-tiny.md,2019,10,22,tiny,takedown,1
2019-10-23-Blue-Team.md,2019,10,23,Blue-Team,takedown,17
2019-10-23-Darden.md,2019,10,23,Darden,takedown,3
2019-10-23-Tmobile-2.md,2019,10,23,Tmobile-2,takedown,1
2019-10-23-arbor.md,2019,10,23,arbor,takedown,5
2019-10-23-brainfights.md,2019,10,23,brainfights,takedown,423
2019-10-23-capitalone.md,2019,10,23,capitalone,takedown,1
2019-10-23-cobaltstrike.md,2019,10,23,cobaltstrike,takedown,23
2019-10-23-nostalgia.md,2019,10,23,nostalgia,takedown,1
2019-10-23-rozbor-dila-counternotice.md,2019,10,23,rozbor-dila-counternotice,counternotice,1
2019-10-23-tmobile.md,2019,10,23,tmobile,takedown,1
2019-10-24-Codility.md,2019,10,24,Codility,takedown,2
2019-10-24-Odoo-2.md,2019,10,24,Odoo-2,takedown,14
2019-10-24-Odoo.md,2019,10,24,Odoo,takedown,27
2019-10-24-cisc422.md,2019,10,24,cisc422,takedown,1
2019-10-24-flatkit.md,2019,10,24,flatkit,takedown,6
2019-10-24-hammafia.md,2019,10,24,hammafia,takedown,1
2019-10-24-hyrane.md,2019,10,24,hyrane,takedown,1
2019-10-24-my470.md,2019,10,24,my470,takedown,5
2019-10-24-odoo-4.md,2019,10,24,odoo-4,takedown,1
2019-10-24-opencv.md,2019,10,24,opencv,takedown,3
2019-10-24-rni.md,2019,10,24,rni,takedown,1
2019-10-25-Foxythemes.md,2019,10,25,Foxythemes,takedown,1
2019-10-25-InspireUI.md,2019,10,25,InspireUI,takedown,12
2019-10-25-odoo-3.md,2019,10,25,odoo-3,takedown,8
2019-10-29-ADN.md,2019,10,29,ADN,takedown,1
2019-10-29-RtosDemo.md,2019,10,29,RtosDemo,takedown,1
2019-10-29-becode-2.md,2019,10,29,becode-2,takedown,1
2019-10-29-becode.md,2019,10,29,becode,takedown,3
2019-10-29-blackboard.md,2019,10,29,blackboard,takedown,1
2019-10-29-odoo.md,2019,10,29,odoo,takedown,3
2019-10-29-packt-2.md,2019,10,29,packt-2,takedown,2
2019-10-29-packt.md,2019,10,29,packt,takedown,3
2019-10-29-shopxx.md,2019,10,29,shopxx,takedown,5
2019-10-29-warr.md,2019,10,29,warr,takedown,2
2019-10-30-arbor.md,2019,10,30,arbor,takedown,2
2019-10-30-mobprogramming.md,2019,10,30,mobprogramming,takedown,1
2019-10-30-springboot.md,2019,10,30,springboot,takedown,1
2019-10-31-AgeDetection.md,2019,10,31,AgeDetection,takedown,3
2019-10-31-Jetbrains.md,2019,10,31,Jetbrains,takedown,41
2019-10-31-Megvii.md,2019,10,31,Megvii,takedown,36
2019-10-31-Notes.md,2019,10,31,Notes,takedown,2
2019-10-31-PragmataPro.md,2019,10,31,PragmataPro,takedown,17
2019-10-31-Skate-Hooligans.md,2019,10,31,Skate-Hooligans,takedown,1
2019-10-31-Telefon.md,2019,10,31,Telefon,takedown,20
2019-10-31-amazon.md,2019,10,31,amazon,takedown,1
2019-10-31-ameriprise.md,2019,10,31,ameriprise,takedown,1
2019-10-31-fontdata.md,2019,10,31,fontdata,takedown,5
2019-10-31-odoo.md,2019,10,31,odoo,takedown,17
2019-10-31-officedepot.md,2019,10,31,officedepot,takedown,1
2019-10-31-packt.md,2019,10,31,packt,takedown,5
2019-10-31-pearson.md,2019,10,31,pearson,takedown,1
2019-11-01-HDFC.md,2019,11,1,HDFC,takedown,1
2019-11-01-Hammafia.md,2019,11,1,Hammafia,takedown,1
2019-11-01-Odoo.md,2019,11,1,Odoo,takedown,2
2019-11-01-UniversityOfMichigan-2.md,2019,11,1,UniversityOfMichigan-2,takedown,1
2019-11-01-UniversityOfMichigan.md,2019,11,1,UniversityOfMichigan,takedown,1
2019-11-01-fallengames.md,2019,11,1,fallengames,takedown,1
2019-11-01-fontdata-counternotice.md,2019,11,1,fontdata-counternotice,counternotice,1
2019-11-01-mobprogramming-counternotice.md,2019,11,1,mobprogramming-counternotice,counternotice,1
2019-11-04-tcfbank.md,2019,11,4,tcfbank,takedown,1
2019-11-05-Fazon.md,2019,11,5,Fazon,takedown,1
2019-11-05-Metaquotes.md,2019,11,5,Metaquotes,takedown,7
2019-11-05-OffSec.md,2019,11,5,OffSec,takedown,1
2019-11-05-hammafia.md,2019,11,5,hammafia,takedown,1
2019-11-05-machinelearningmastery.md,2019,11,5,machinelearningmastery,takedown,1
2019-11-05-pearson-2.md,2019,11,5,pearson-2,takedown,61
2019-11-05-pearson.md,2019,11,5,pearson,takedown,1
2019-11-05-sfu.md,2019,11,5,sfu,takedown,1
2019-11-05-sugarcrm.md,2019,11,5,sugarcrm,takedown,1
2019-11-05-typewolf.md,2019,11,5,typewolf,takedown,1
2019-11-05-wiley.md,2019,11,5,wiley,takedown,1
2019-11-06-UniversityOfMichigan-2.md,2019,11,6,UniversityOfMichigan-2,takedown,1
2019-11-06-UniversityOfMichigan.md,2019,11,6,UniversityOfMichigan,takedown,1
2019-11-07-Bloomberg.md,2019,11,7,Bloomberg,takedown,1
2019-11-07-Jetbrains.md,2019,11,7,Jetbrains,takedown,19
2019-11-07-Odoo.md,2019,11,7,Odoo,takedown,16
2019-11-07-Pearson-2.md,2019,11,7,Pearson-2,takedown,1
2019-11-07-Pearson-3.md,2019,11,7,Pearson-3,takedown,1
2019-11-07-Pearson-4.md,2019,11,7,Pearson-4,takedown,1
2019-11-07-Pearson-5.md,2019,11,7,Pearson-5,takedown,6
2019-11-07-jira.md,2019,11,7,jira,takedown,12
2019-11-07-pearson.md,2019,11,7,pearson,takedown,1
2019-11-07-probuse.md,2019,11,7,probuse,takedown,22
2019-11-07-resumeeeee.md,2019,11,7,resumeeeee,takedown,2
2019-11-08-Plesk.md,2019,11,8,Plesk,takedown,1
2019-11-08-abbott.md,2019,11,8,abbott,takedown,1
2019-11-12-APA.md,2019,11,12,APA,takedown,1
2019-11-12-Amazon-2.md,2019,11,12,Amazon-2,takedown,1
2019-11-12-Amazon.md,2019,11,12,Amazon,takedown,1
2019-11-12-Azerron.md,2019,11,12,Azerron,takedown,1
2019-11-12-Blizzard.md,2019,11,12,Blizzard,takedown,1
2019-11-12-LCH.md,2019,11,12,LCH,takedown,3
2019-11-12-Target.md,2019,11,12,Target,takedown,3
2019-11-12-abbott.md,2019,11,12,abbott,takedown,1
2019-11-12-bmo.md,2019,11,12,bmo,takedown,1
2019-11-12-codesignal-counternotice.md,2019,11,12,codesignal-counternotice,counternotice,1
2019-11-12-fireeye.md,2019,11,12,fireeye,takedown,1
2019-11-12-homecredit.md,2019,11,12,homecredit,takedown,1
2019-11-12-kasasa.md,2019,11,12,kasasa,takedown,1
2019-11-12-packt.md,2019,11,12,packt,takedown,29
2019-11-12-probuse-2.md,2019,11,12,probuse-2,takedown,1
2019-11-12-probuse.md,2019,11,12,probuse,takedown,3
2019-11-12-senpa.md,2019,11,12,senpa,takedown,1
2019-11-12-vector.md,2019,11,12,vector,takedown,1
2019-11-13-infinitt.md,2019,11,13,infinitt,takedown,1
2019-11-13-machinelearningmastery.md,2019,11,13,machinelearningmastery,takedown,255
2019-11-13-odoo.md,2019,11,13,odoo,takedown,1
2019-11-14-CapitalOne.md,2019,11,14,CapitalOne,takedown,1
2019-11-14-Frontier.md,2019,11,14,Frontier,takedown,2
2019-11-14-Xigncode.md,2019,11,14,Xigncode,takedown,1
2019-11-14-codility-2.md,2019,11,14,codility-2,takedown,1
2019-11-14-codility-3.md,2019,11,14,codility-3,takedown,1
2019-11-14-codility-4.md,2019,11,14,codility-4,takedown,1
2019-11-14-codility.md,2019,11,14,codility,takedown,2
2019-11-15-Packt.md,2019,11,15,Packt,takedown,11
2019-11-15-dataincubator.md,2019,11,15,dataincubator,takedown,5
2019-11-15-feralheart.md,2019,11,15,feralheart,takedown,8
2019-11-15-metaquotes.md,2019,11,15,metaquotes,takedown,5
2019-11-15-script.md,2019,11,15,script,takedown,5
2019-11-15-wm-motor.md,2019,11,15,wm-motor,takedown,2
2019-11-18-Continuum.md,2019,11,18,Continuum,takedown,1
2019-11-18-Hyrane.md,2019,11,18,Hyrane,takedown,1
2019-11-18-Plesk.md,2019,11,18,Plesk,takedown,9
2019-11-18-broadcom.md,2019,11,18,broadcom,takedown,1
2019-11-18-browseinfo-2.md,2019,11,18,browseinfo-2,takedown,2
2019-11-18-browseinfo.md,2019,11,18,browseinfo,takedown,2
2019-11-18-codility-2.md,2019,11,18,codility-2,takedown,1
2019-11-18-codility.md,2019,11,18,codility,takedown,1
2019-11-18-etrade.md,2019,11,18,etrade,takedown,2
2019-11-18-infinitt.md,2019,11,18,infinitt,takedown,1
2019-11-18-university-of-melbourne.md,2019,11,18,university-of-melbourne,takedown,1
2019-11-19-APA-retraction.md,2019,11,19,APA-retraction,retraction,1
2019-11-19-cisco.md,2019,11,19,cisco,takedown,1
2019-11-19-fireeye.md,2019,11,19,fireeye,takedown,1
2019-11-20-Jetbrains.md,2019,11,20,Jetbrains,takedown,56
2019-11-20-NUS.md,2019,11,20,NUS,takedown,1
2019-11-20-amazon.md,2019,11,20,amazon,takedown,3
2019-11-20-baison.md,2019,11,20,baison,takedown,1
2019-11-20-codility.md,2019,11,20,codility,takedown,6
2019-11-20-cornell.md,2019,11,20,cornell,takedown,1
2019-11-20-homestar.md,2019,11,20,homestar,takedown,1
2019-11-20-infinistar.md,2019,11,20,infinistar,takedown,1
2019-11-20-smartbear.md,2019,11,20,smartbear,takedown,1
2019-11-21-Grupo-Anaya.md,2019,11,21,Grupo-Anaya,takedown,1
2019-11-21-Pearson.md,2019,11,21,Pearson,takedown,676
2019-11-21-broadcom.md,2019,11,21,broadcom,takedown,1
2019-11-21-monbuilding.md,2019,11,21,monbuilding,takedown,2
2019-11-21-pmpsa.md,2019,11,21,pmpsa,takedown,1
2019-11-21-rythmbot.md,2019,11,21,rythmbot,takedown,2
2019-11-21-thehive.md,2019,11,21,thehive,takedown,1
2019-11-21-zipgo.md,2019,11,21,zipgo,takedown,1
2019-11-22-apollo.md,2019,11,22,apollo,takedown,4
2019-11-22-apple.md,2019,11,22,apple,takedown,28
2019-11-22-metaquotes.md,2019,11,22,metaquotes,takedown,5
2019-11-22-traversy.md,2019,11,22,traversy,takedown,2
2019-11-22-xigncode.md,2019,11,22,xigncode,takedown,5
2019-11-25-Codility.md,2019,11,25,Codility,takedown,6
2019-11-25-ELSA.md,2019,11,25,ELSA,takedown,1
2019-11-25-apple-2.md,2019,11,25,apple-2,takedown,20
2019-11-25-apple.md,2019,11,25,apple,takedown,1
2019-11-25-basicmachinelearning.md,2019,11,25,basicmachinelearning,takedown,4
2019-11-25-common.md,2019,11,25,common,takedown,1
2019-11-25-cornell.md,2019,11,25,cornell,takedown,1
2019-11-25-curv-io.md,2019,11,25,curv-io,takedown,1
2019-11-25-invision.md,2019,11,25,invision,takedown,4
2019-11-25-irdeto.md,2019,11,25,irdeto,takedown,2
2019-11-25-manning.md,2019,11,25,manning,takedown,1
2019-11-25-miband.md,2019,11,25,miband,takedown,1
2019-11-25-msft.md,2019,11,25,msft,takedown,1
2019-11-25-northwoods.md,2019,11,25,northwoods,takedown,1
2019-11-25-opencv-2.md,2019,11,25,opencv-2,takedown,3
2019-11-25-opencv.md,2019,11,25,opencv,takedown,1
2019-11-25-rusherhack.md,2019,11,25,rusherhack,takedown,6
2019-11-25-tbomb.md,2019,11,25,tbomb,takedown,2
2019-11-26-MSFT.md,2019,11,26,MSFT,takedown,1
2019-11-26-common.md,2019,11,26,common,takedown,1
2019-11-26-odoo-2.md,2019,11,26,odoo-2,takedown,1
2019-11-26-odoo.md,2019,11,26,odoo,takedown,10
2019-11-27-HomeCredit.md,2019,11,27,HomeCredit,takedown,1
2019-11-27-Webkul-2.md,2019,11,27,Webkul-2,takedown,1
2019-11-27-Webkul-3.md,2019,11,27,Webkul-3,takedown,5
2019-11-27-Webkul-4.md,2019,11,27,Webkul-4,takedown,2
2019-11-27-Webkul.md,2019,11,27,Webkul,takedown,1
2019-11-27-callanswering.md,2019,11,27,callanswering,takedown,3
2019-11-29-Designble.md,2019,11,29,Designble,takedown,3
2019-11-29-Elastic.md,2019,11,29,Elastic,takedown,38
2019-11-29-HTJC.md,2019,11,29,HTJC,takedown,1
2019-11-29-Odoo.md,2019,11,29,Odoo,takedown,1
2019-11-29-Webkul-4.md,2019,11,29,Webkul-4,takedown,1
2019-12-02-flatkit.md,2019,12,2,flatkit,takedown,3
2019-12-02-invision.md,2019,12,2,invision,takedown,55
2019-12-02-odoo-2.md,2019,12,2,odoo-2,takedown,1
2019-12-02-odoo-3.md,2019,12,2,odoo-3,takedown,2
2019-12-02-odoo-4.md,2019,12,2,odoo-4,takedown,1
2019-12-02-odoo.md,2019,12,2,odoo,takedown,1
2019-12-03-WinRAR.md,2019,12,3,WinRAR,takedown,1
2019-12-03-aerapass.md,2019,12,3,aerapass,takedown,1
2019-12-03-arduino.md,2019,12,3,arduino,takedown,5
2019-12-03-cis121.md,2019,12,3,cis121,takedown,6
2019-12-03-fumubang.md,2019,12,3,fumubang,takedown,1
2019-12-03-geopos.md,2019,12,3,geopos,takedown,1
2019-12-03-learncpp.md,2019,12,3,learncpp,takedown,1
2019-12-03-msft-counternotice.md,2019,12,3,msft-counternotice,counternotice,1
2019-12-03-myva.md,2019,12,3,myva,takedown,1
2019-12-03-orcusrat.md,2019,12,3,orcusrat,takedown,1
2019-12-03-packt.md,2019,12,3,packt,takedown,5
2019-12-03-raytheon.md,2019,12,3,raytheon,takedown,1
2019-12-04-bomber.md,2019,12,4,bomber,takedown,2
2019-12-04-epicgames.md,2019,12,4,epicgames,takedown,1
2019-12-04-odoo-2.md,2019,12,4,odoo-2,takedown,1
2019-12-04-odoo-3.md,2019,12,4,odoo-3,takedown,2
2019-12-04-odoo.md,2019,12,4,odoo,takedown,1
2019-12-04-offertoro.md,2019,12,4,offertoro,takedown,1
2019-12-04-pearson-2.md,2019,12,4,pearson-2,takedown,1
2019-12-04-pearson.md,2019,12,4,pearson,takedown,291
2019-12-04-schufa.md,2019,12,4,schufa,takedown,1
2019-12-04-wiiplaza.md,2019,12,4,wiiplaza,takedown,2
2019-12-05-Kendo.md,2019,12,5,Kendo,takedown,1
2019-12-05-adrpui.md,2019,12,5,adrpui,takedown,8
2019-12-05-mediatek.md,2019,12,5,mediatek,takedown,12
2019-12-05-sfu.md,2019,12,5,sfu,takedown,1
2019-12-06-huaantp5.md,2019,12,6,huaantp5,takedown,1
2019-12-06-odoo-2-counternotice.md,2019,12,6,odoo-2-counternotice,counternotice,1
2019-12-09-bilibili.md,2019,12,9,bilibili,takedown,1
2019-12-09-codility.md,2019,12,9,codility,takedown,1
2019-12-09-linearity.md,2019,12,9,linearity,takedown,2
2019-12-09-unitytechnologies.md,2019,12,9,unitytechnologies,takedown,1
2019-12-10-aliston.md,2019,12,10,aliston,takedown,1
2019-12-10-chola.md,2019,12,10,chola,takedown,1
2019-12-10-eccouncil.md,2019,12,10,eccouncil,takedown,1
2019-12-10-epicgames.md,2019,12,10,epicgames,takedown,1
2019-12-10-html2doc.md,2019,12,10,html2doc,takedown,7
2019-12-10-terawarrior.md,2019,12,10,terawarrior,takedown,3
2019-12-11-epicgames.md,2019,12,11,epicgames,takedown,4
2019-12-11-expo-analytics.md,2019,12,11,expo-analytics,takedown,4
2019-12-11-fhadmin.md,2019,12,11,fhadmin,takedown,1
2019-12-11-gnbots.md,2019,12,11,gnbots,takedown,1
2019-12-11-odoo.md,2019,12,11,odoo,takedown,4
2019-12-11-scripts.md,2019,12,11,scripts,takedown,1
2019-12-12-eckoh.md,2019,12,12,eckoh,takedown,1
2019-12-12-exile-plants.md,2019,12,12,exile-plants,takedown,1
2019-12-12-fhadmin.md,2019,12,12,fhadmin,takedown,15
2019-12-12-roimartin.md,2019,12,12,roimartin,takedown,1
2019-12-12-verisign.md,2019,12,12,verisign,takedown,1
2019-12-13-msft.md,2019,12,13,msft,takedown,9
2019-12-13-premiumsoft.md,2019,12,13,premiumsoft,takedown,1
2019-12-16-OReilly.md,2019,12,16,OReilly,takedown,69
2019-12-16-manning.md,2019,12,16,manning,takedown,1
2019-12-16-pearson-2.md,2019,12,16,pearson-2,takedown,92
2019-12-16-pearson.md,2019,12,16,pearson,takedown,1
2019-12-16-verus.md,2019,12,16,verus,takedown,1
2019-12-16-yugioh.md,2019,12,16,yugioh,takedown,3
2019-12-17-DXC-2.md,2019,12,17,DXC-2,takedown,1
2019-12-17-DXC.md,2019,12,17,DXC,takedown,1
2019-12-17-bitcoincash.md,2019,12,17,bitcoincash,takedown,6
2019-12-17-scripts.md,2019,12,17,scripts,takedown,1
2019-12-18-CoffeeScript.md,2019,12,18,CoffeeScript,takedown,1
2019-12-18-Manning.md,2019,12,18,Manning,takedown,4
2019-12-18-Markeet.md,2019,12,18,Markeet,takedown,1
2019-12-18-bitcoincash-counternotice.md,2019,12,18,bitcoincash-counternotice,counternotice,1
2019-12-18-calheers.md,2019,12,18,calheers,takedown,1
2019-12-18-colonyconcierge.md,2019,12,18,colonyconcierge,takedown,1
2019-12-18-ece297-2.md,2019,12,18,ece297-2,takedown,1
2019-12-18-ece297.md,2019,12,18,ece297,takedown,1
2019-12-18-lumpenradio.md,2019,12,18,lumpenradio,takedown,4
2019-12-18-machinelearningmastery.md,2019,12,18,machinelearningmastery,takedown,14
2019-12-18-packt.md,2019,12,18,packt,takedown,28
2019-12-18-techsmith.md,2019,12,18,techsmith,takedown,1
2019-12-18-wcrp.md,2019,12,18,wcrp,takedown,3
2019-12-18-yFiles.md,2019,12,18,yFiles,takedown,2
2019-12-19-dga.md,2019,12,19,dga,takedown,1
2019-12-19-haskell.md,2019,12,19,haskell,takedown,21
2019-12-19-machinelearningmastery.md,2019,12,19,machinelearningmastery,takedown,6
2019-12-19-pearson.md,2019,12,19,pearson,takedown,396
2019-12-19-semios.md,2019,12,19,semios,takedown,2
2019-12-19-yfiles-2.md,2019,12,19,yfiles-2,takedown,1
2019-12-19-yfiles-3.md,2019,12,19,yfiles-3,takedown,1
2019-12-19-yfiles-4.md,2019,12,19,yfiles-4,takedown,1
2019-12-19-yfiles-5.md,2019,12,19,yfiles-5,takedown,1
2019-12-19-yfiles-6.md,2019,12,19,yfiles-6,takedown,1
2019-12-19-yfiles.md,2019,12,19,yfiles,takedown,1
2019-12-20-MachineLearning.md,2019,12,20,MachineLearning,takedown,3
2019-12-20-Odoo.md,2019,12,20,Odoo,takedown,1
2019-12-20-Plutus.md,2019,12,20,Plutus,takedown,2
2019-12-23-skycastle.md,2019,12,23,skycastle,takedown,46
2019-12-26-devskiller-2.md,2019,12,26,devskiller-2,takedown,1
2019-12-26-devskiller.md,2019,12,26,devskiller,takedown,10
2019-12-26-nseindia.md,2019,12,26,nseindia,takedown,2
2019-12-27-CSCI402_USC.md,2019,12,27,CSCI402_USC,takedown,1
2019-12-27-FreelanceDiary.md,2019,12,27,FreelanceDiary,takedown,1
2019-12-27-PragmataPro.md,2019,12,27,PragmataPro,takedown,7
2019-12-27-paytm.md,2019,12,27,paytm,takedown,1
2019-12-30-EECS370.md,2019,12,30,EECS370,takedown,1
2019-12-30-djangoforbeginners.md,2019,12,30,djangoforbeginners,takedown,1
2019-12-30-pearson-2.md,2019,12,30,pearson-2,takedown,1
2019-12-30-pearson.md,2019,12,30,pearson,takedown,1